company_name,branch,state_abb,salesman_full_name,marketplace_short_name,date_value,yr_num,yr_num_2,mth_num_in_yr,mth_name,wk_num_in_yr,wk_start_date,wk_end_date,revenue,trials,converts,royalties,members
Dunder Mifflin,Scranton,PA,Dwight Schrute,US,2017-01-01,2017,2017,1,Jan,1,2017-01-01,2017-01-08,501075.05895765877,506,102,5628.3888,102
Dunder Mifflin,Scranton,PA,Dwight Schrute,US,2017-01-02,2017,2017,1,Jan,1,2017-01-01,2017-01-08,507187.7431202837,516,110,2107.7466,212
Dunder Mifflin,Scranton,PA,Dwight Schrute,US,2017-01-03,2017,2017,1,Jan,1,2017-01-01,2017-01-08,505986.4675864209,488,17,4068.6291,229
Dunder Mifflin,Scranton,PA,Dwight Schrute,US,2017-01-04,2017,2017,1,Jan,1,2017-01-01,2017-01-08,499407.3301553643,518,81,5860.1298,310
Dunder Mifflin,Scranton,PA,Dwight Schrute,US,2017-01-05,2017,2017,1,Jan,1,2017-01-01,2017-01-08,502618.32735983987,505,124,5322.8286,434
Dunder Mifflin,Scranton,PA,Dwight Schrute,US,2017-01-06,2017,2017,1,Jan,1,2017-01-01,2017-01-08,498118.6056153183,505,83,5745.8964,517
Dunder Mifflin,Scranton,PA,Dwight Schrute,US,2017-01-07,2017,2017,1,Jan,1,2017-01-01,2017-01-08,500725.0490406049,513,80,4215.5879,597
Dunder Mifflin,Scranton,PA,Dwight Schrute,US,2017-01-08,2017,2017,1,Jan,2,2017-01-08,2017-01-15,504474.098621069,469,107,3930.0954,704
Dunder Mifflin,Scranton,PA,Dwight Schrute,US,2017-01-09,2017,2017,1,Jan,2,2017-01-08,2017-01-15,497489.28891006217,478,70,3136.5165,774
Dunder Mifflin,Scranton,PA,Dwight Schrute,US,2017-01-10,2017,2017,1,Jan,2,2017-01-08,2017-01-15,496097.67784178676,503,61,6419.9575,835
Dunder Mifflin,Scranton,PA,Dwight Schrute,US,2017-01-11,2017,2017,1,Jan,2,2017-01-08,2017-01-15,501297.55051315436,570,37,3970.21,872
Dunder Mifflin,Scranton,PA,Dwight Schrute,US,2017-01-12,2017,2017,1,Jan,2,2017-01-08,2017-01-15,500996.5694910273,475,62,6004.6952,934
Dunder Mifflin,Scranton,PA,Dwight Schrute,US,2017-01-13,2017,2017,1,Jan,2,2017-01-08,2017-01-15,504082.2920384036,472,118,4813.9851,1052
Dunder Mifflin,Scranton,PA,Dwight Schrute,US,2017-01-14,2017,2017,1,Jan,2,2017-01-08,2017-01-15,498279.47724709194,456,100,3614.1939,1152
Dunder Mifflin,Scranton,PA,Dwight Schrute,US,2017-01-15,2017,2017,1,Jan,3,2017-01-15,2017-01-22,503574.3681043854,473,143,5770.9119,1295
Dunder Mifflin,Scranton,PA,Dwight Schrute,US,2017-01-16,2017,2017,1,Jan,3,2017-01-15,2017-01-22,499505.77109567635,471,115,4168.3512,1410
Dunder Mifflin,Scranton,PA,Dwight Schrute,US,2017-01-17,2017,2017,1,Jan,3,2017-01-15,2017-01-22,497680.200785811,441,107,3293.515,1517
Dunder Mifflin,Scranton,PA,Dwight Schrute,US,2017-01-18,2017,2017,1,Jan,3,2017-01-15,2017-01-22,508882.28959183337,537,82,3311.4758,1599
Dunder Mifflin,Scranton,PA,Dwight Schrute,US,2017-01-19,2017,2017,1,Jan,3,2017-01-15,2017-01-22,497542.07665581093,501,134,5195.4125,1733
Dunder Mifflin,Scranton,PA,Dwight Schrute,US,2017-01-20,2017,2017,1,Jan,3,2017-01-15,2017-01-22,500445.93534067285,455,88,4136.8057,1821
Dunder Mifflin,Scranton,PA,Dwight Schrute,US,2017-01-21,2017,2017,1,Jan,3,2017-01-15,2017-01-22,505007.0284591589,470,139,5178.3402,1960
Dunder Mifflin,Scranton,PA,Dwight Schrute,US,2017-01-22,2017,2017,1,Jan,4,2017-01-22,2017-01-29,494127.43700083805,489,22,4381.7566,1982
Dunder Mifflin,Scranton,PA,Dwight Schrute,US,2017-01-23,2017,2017,1,Jan,4,2017-01-22,2017-01-29,490655.87690650957,505,72,6013.5213,2054
Dunder Mifflin,Scranton,PA,Dwight Schrute,US,2017-01-24,2017,2017,1,Jan,4,2017-01-22,2017-01-29,505995.3187417294,567,119,4050.3652,2173
Dunder Mifflin,Scranton,PA,Dwight Schrute,US,2017-01-25,2017,2017,1,Jan,4,2017-01-22,2017-01-29,495982.33372178045,510,43,2876.6949,2216
Dunder Mifflin,Scranton,PA,Dwight Schrute,US,2017-01-26,2017,2017,1,Jan,4,2017-01-22,2017-01-29,494579.5643223036,488,112,4343.488,2328
Dunder Mifflin,Scranton,PA,Dwight Schrute,US,2017-01-27,2017,2017,1,Jan,4,2017-01-22,2017-01-29,499849.0292520001,475,104,4085.1722,2432
Dunder Mifflin,Scranton,PA,Dwight Schrute,US,2017-01-28,2017,2017,1,Jan,4,2017-01-22,2017-01-29,506063.60824178817,507,64,3192.4675,2496
Dunder Mifflin,Scranton,PA,Dwight Schrute,US,2017-01-29,2017,2017,1,Jan,5,2017-01-29,2017-02-05,498735.3608717538,468,173,4756.3722,2669
Dunder Mifflin,Scranton,PA,Dwight Schrute,US,2017-01-30,2017,2017,1,Jan,5,2017-01-29,2017-02-05,497448.8040944742,519,65,4474.4349,2734
Dunder Mifflin,Scranton,PA,Dwight Schrute,US,2017-01-31,2017,2017,1,Jan,5,2017-01-29,2017-02-05,501849.7939233651,516,131,4605.3782,2865
Dunder Mifflin,Scranton,PA,Dwight Schrute,US,2017-02-01,2017,2017,2,Feb,5,2017-01-29,2017-02-05,503015.7302934105,431,141,7710.9753,3006
Dunder Mifflin,Scranton,PA,Dwight Schrute,US,2017-02-02,2017,2017,2,Feb,5,2017-01-29,2017-02-05,495292.06630100164,468,184,3285.7742,3190
Dunder Mifflin,Scranton,PA,Dwight Schrute,US,2017-02-03,2017,2017,2,Feb,5,2017-01-29,2017-02-05,501162.57070775604,536,89,5725.958,3279
Dunder Mifflin,Scranton,PA,Dwight Schrute,US,2017-02-04,2017,2017,2,Feb,5,2017-01-29,2017-02-05,503632.250270661,515,27,4503.8484,3306
Dunder Mifflin,Scranton,PA,Dwight Schrute,US,2017-02-05,2017,2017,2,Feb,6,2017-02-05,2017-02-12,497517.0027048275,555,97,6766.6551,3403
Dunder Mifflin,Scranton,PA,Dwight Schrute,US,2017-02-06,2017,2017,2,Feb,6,2017-02-05,2017-02-12,508450.3068963168,534,117,4481.9438,3520
Dunder Mifflin,Scranton,PA,Dwight Schrute,US,2017-02-07,2017,2017,2,Feb,6,2017-02-05,2017-02-12,499302.07666126057,508,93,5727.4121,3613
Dunder Mifflin,Scranton,PA,Dwight Schrute,US,2017-02-08,2017,2017,2,Feb,6,2017-02-05,2017-02-12,501831.44758742274,559,68,5271.4833,3681
Dunder Mifflin,Scranton,PA,Dwight Schrute,US,2017-02-09,2017,2017,2,Feb,6,2017-02-05,2017-02-12,500992.79771492054,451,99,4722.3921,3780
Dunder Mifflin,Scranton,PA,Dwight Schrute,US,2017-02-10,2017,2017,2,Feb,6,2017-02-05,2017-02-12,503580.5462136443,513,120,3214.4434,3900
Dunder Mifflin,Scranton,PA,Dwight Schrute,US,2017-02-11,2017,2017,2,Feb,6,2017-02-05,2017-02-12,496635.2658933595,480,101,6545.5,4001
Dunder Mifflin,Scranton,PA,Dwight Schrute,US,2017-02-12,2017,2017,2,Feb,7,2017-02-12,2017-02-19,499034.6091291321,460,116,3971.5406,4117
Dunder Mifflin,Scranton,PA,Dwight Schrute,US,2017-02-13,2017,2017,2,Feb,7,2017-02-12,2017-02-19,501206.81662367925,503,110,4229.1582,4227
Dunder Mifflin,Scranton,PA,Dwight Schrute,US,2017-02-14,2017,2017,2,Feb,7,2017-02-12,2017-02-19,500506.76305192587,549,104,5248.5942,4331
Dunder Mifflin,Scranton,PA,Dwight Schrute,US,2017-02-15,2017,2017,2,Feb,7,2017-02-12,2017-02-19,500594.9465695935,435,78,3890.7068,4409
Dunder Mifflin,Scranton,PA,Dwight Schrute,US,2017-02-16,2017,2017,2,Feb,7,2017-02-12,2017-02-19,501068.3624210774,498,131,4988.2544,4540
Dunder Mifflin,Scranton,PA,Dwight Schrute,US,2017-02-17,2017,2017,2,Feb,7,2017-02-12,2017-02-19,502855.9896201103,450,120,5227.521,4660
Dunder Mifflin,Scranton,PA,Dwight Schrute,US,2017-02-18,2017,2017,2,Feb,7,2017-02-12,2017-02-19,498004.0842229188,465,88,4755.293,4748
Dunder Mifflin,Scranton,PA,Dwight Schrute,US,2017-02-19,2017,2017,2,Feb,8,2017-02-19,2017-02-26,503017.1530184144,532,89,4169.8716,4837
Dunder Mifflin,Scranton,PA,Dwight Schrute,US,2017-02-20,2017,2017,2,Feb,8,2017-02-19,2017-02-26,493770.07312439766,533,62,6334.2044,4899
Dunder Mifflin,Scranton,PA,Dwight Schrute,US,2017-02-21,2017,2017,2,Feb,8,2017-02-19,2017-02-26,498229.32580441225,475,48,5332.5888,4947
Dunder Mifflin,Scranton,PA,Dwight Schrute,US,2017-02-22,2017,2017,2,Feb,8,2017-02-19,2017-02-26,504741.93685733556,443,96,6272.894,5043
Dunder Mifflin,Scranton,PA,Dwight Schrute,US,2017-02-23,2017,2017,2,Feb,8,2017-02-19,2017-02-26,504605.7026357244,502,83,3657.4478,5126
Dunder Mifflin,Scranton,PA,Dwight Schrute,US,2017-02-24,2017,2017,2,Feb,8,2017-02-19,2017-02-26,499896.443243934,503,90,2680.1389,5216
Dunder Mifflin,Scranton,PA,Dwight Schrute,US,2017-02-25,2017,2017,2,Feb,8,2017-02-19,2017-02-26,503861.44442866795,475,107,3944.4108,5323
Dunder Mifflin,Scranton,PA,Dwight Schrute,US,2017-02-26,2017,2017,2,Feb,9,2017-02-26,2017-03-05,494967.9642085981,488,96,5073.7424,5419
Dunder Mifflin,Scranton,PA,Dwight Schrute,US,2017-02-27,2017,2017,2,Feb,9,2017-02-26,2017-03-05,501812.1460047995,505,67,3979.5495,5486
Dunder Mifflin,Scranton,PA,Dwight Schrute,US,2017-02-28,2017,2017,2,Feb,9,2017-02-26,2017-03-05,500175.45320689795,521,80,3538.495,5566
Dunder Mifflin,Scranton,PA,Dwight Schrute,US,2017-03-01,2017,2017,3,Mar,9,2017-02-26,2017-03-05,493488.77398921124,515,159,4206.2889,5725
Dunder Mifflin,Scranton,PA,Dwight Schrute,US,2017-03-02,2017,2017,3,Mar,9,2017-02-26,2017-03-05,504267.69599776075,467,123,5633.8077,5848
Dunder Mifflin,Scranton,PA,Dwight Schrute,US,2017-03-03,2017,2017,3,Mar,9,2017-02-26,2017-03-05,499162.3629522156,489,108,4190.2924,5956
Dunder Mifflin,Scranton,PA,Dwight Schrute,US,2017-03-04,2017,2017,3,Mar,9,2017-02-26,2017-03-05,501636.28269128164,524,98,5412.4415,6054
Dunder Mifflin,Scranton,PA,Dwight Schrute,US,2017-03-05,2017,2017,3,Mar,10,2017-03-05,2017-03-12,510884.25129813905,556,73,1394.1164,6127
Dunder Mifflin,Scranton,PA,Dwight Schrute,US,2017-03-06,2017,2017,3,Mar,10,2017-03-05,2017-03-12,500236.42271678254,506,127,4802.0669,6254
Dunder Mifflin,Scranton,PA,Dwight Schrute,US,2017-03-07,2017,2017,3,Mar,10,2017-03-05,2017-03-12,497326.22189717303,532,138,5713.7744,6392
Dunder Mifflin,Scranton,PA,Dwight Schrute,US,2017-03-08,2017,2017,3,Mar,10,2017-03-05,2017-03-12,503816.2838518144,456,159,4809.4817,6551
Dunder Mifflin,Scranton,PA,Dwight Schrute,US,2017-03-09,2017,2017,3,Mar,10,2017-03-05,2017-03-12,501899.6101728702,534,87,5458.6669,6638
Dunder Mifflin,Scranton,PA,Dwight Schrute,US,2017-03-10,2017,2017,3,Mar,10,2017-03-05,2017-03-12,497081.1789112937,498,131,3747.8079,6769
Dunder Mifflin,Scranton,PA,Dwight Schrute,US,2017-03-11,2017,2017,3,Mar,10,2017-03-05,2017-03-12,499540.9553006762,472,180,3523.3404,6949
Dunder Mifflin,Scranton,PA,Dwight Schrute,US,2017-03-12,2017,2017,3,Mar,11,2017-03-12,2017-03-19,499518.5986603505,464,103,4527.1097,7052
Dunder Mifflin,Scranton,PA,Dwight Schrute,US,2017-03-13,2017,2017,3,Mar,11,2017-03-12,2017-03-19,502219.55606946535,502,82,5990.4063,7134
Dunder Mifflin,Scranton,PA,Dwight Schrute,US,2017-03-14,2017,2017,3,Mar,11,2017-03-12,2017-03-19,503123.0821936885,422,99,3595.7396,7233
Dunder Mifflin,Scranton,PA,Dwight Schrute,US,2017-03-15,2017,2017,3,Mar,11,2017-03-12,2017-03-19,495074.9219107715,498,112,4672.0745,7345
Dunder Mifflin,Scranton,PA,Dwight Schrute,US,2017-03-16,2017,2017,3,Mar,11,2017-03-12,2017-03-19,499352.59161321924,473,62,4499.282,7407
Dunder Mifflin,Scranton,PA,Dwight Schrute,US,2017-03-17,2017,2017,3,Mar,11,2017-03-12,2017-03-19,499616.315039597,517,85,4996.4362,7492
Dunder Mifflin,Scranton,PA,Dwight Schrute,US,2017-03-18,2017,2017,3,Mar,11,2017-03-12,2017-03-19,500383.12117362005,530,38,3914.9627,7530
Dunder Mifflin,Scranton,PA,Dwight Schrute,US,2017-03-19,2017,2017,3,Mar,12,2017-03-19,2017-03-26,499719.1744654355,515,93,4879.3384,7623
Dunder Mifflin,Scranton,PA,Dwight Schrute,US,2017-03-20,2017,2017,3,Mar,12,2017-03-19,2017-03-26,499222.17384645797,545,52,4014.3746,7675
Dunder Mifflin,Scranton,PA,Dwight Schrute,US,2017-03-21,2017,2017,3,Mar,12,2017-03-19,2017-03-26,500102.3545520614,504,103,4428.2403,7778
Dunder Mifflin,Scranton,PA,Dwight Schrute,US,2017-03-22,2017,2017,3,Mar,12,2017-03-19,2017-03-26,495955.96737893025,538,68,5878.4199,7846
Dunder Mifflin,Scranton,PA,Dwight Schrute,US,2017-03-23,2017,2017,3,Mar,12,2017-03-19,2017-03-26,504580.174037382,428,108,5299.7192,7954
Dunder Mifflin,Scranton,PA,Dwight Schrute,US,2017-03-24,2017,2017,3,Mar,12,2017-03-19,2017-03-26,501979.9582850511,508,104,6751.6471,8058
Dunder Mifflin,Scranton,PA,Dwight Schrute,US,2017-03-25,2017,2017,3,Mar,12,2017-03-19,2017-03-26,499633.35874006466,528,72,5439.5919,8130
Dunder Mifflin,Scranton,PA,Dwight Schrute,US,2017-03-26,2017,2017,3,Mar,13,2017-03-26,2017-04-02,497051.18558238907,540,87,5738.7029,8217
Dunder Mifflin,Scranton,PA,Dwight Schrute,US,2017-03-27,2017,2017,3,Mar,13,2017-03-26,2017-04-02,498608.60569265456,488,100,5785.6961,8317
Dunder Mifflin,Scranton,PA,Dwight Schrute,US,2017-03-28,2017,2017,3,Mar,13,2017-03-26,2017-04-02,504873.0042863256,543,145,4516.1687,8462
Dunder Mifflin,Scranton,PA,Dwight Schrute,US,2017-03-29,2017,2017,3,Mar,13,2017-03-26,2017-04-02,497480.9553438562,448,66,2773.4933,8528
Dunder Mifflin,Scranton,PA,Dwight Schrute,US,2017-03-30,2017,2017,3,Mar,13,2017-03-26,2017-04-02,495698.9991006141,537,95,4135.9419,8623
Dunder Mifflin,Scranton,PA,Dwight Schrute,US,2017-03-31,2017,2017,3,Mar,13,2017-03-26,2017-04-02,497725.83866360073,482,171,6108.1127,8794
Dunder Mifflin,Scranton,PA,Dwight Schrute,US,2017-04-01,2017,2017,4,Apr,13,2017-03-26,2017-04-02,495582.44931387523,488,139,6387.3117,8933
Dunder Mifflin,Scranton,PA,Dwight Schrute,US,2017-04-02,2017,2017,4,Apr,14,2017-04-02,2017-04-09,500520.45472825173,525,42,4211.8736,8975
Dunder Mifflin,Scranton,PA,Dwight Schrute,US,2017-04-03,2017,2017,4,Apr,14,2017-04-02,2017-04-09,499602.2053401684,471,128,4174.562,9103
Dunder Mifflin,Scranton,PA,Dwight Schrute,US,2017-04-04,2017,2017,4,Apr,14,2017-04-02,2017-04-09,500537.83247419685,533,120,5187.442,9223
Dunder Mifflin,Scranton,PA,Dwight Schrute,US,2017-04-05,2017,2017,4,Apr,14,2017-04-02,2017-04-09,494204.53058453323,550,108,3694.3002,9331
Dunder Mifflin,Scranton,PA,Dwight Schrute,US,2017-04-06,2017,2017,4,Apr,14,2017-04-02,2017-04-09,494193.1022510946,497,105,4330.6199,9436
Dunder Mifflin,Scranton,PA,Dwight Schrute,US,2017-04-07,2017,2017,4,Apr,14,2017-04-02,2017-04-09,502806.8190031959,444,89,4859.4798,9525
Dunder Mifflin,Scranton,PA,Dwight Schrute,US,2017-04-08,2017,2017,4,Apr,14,2017-04-02,2017-04-09,505570.83746383304,503,84,5415.892,9609
Dunder Mifflin,Scranton,PA,Dwight Schrute,US,2017-04-09,2017,2017,4,Apr,15,2017-04-09,2017-04-16,508751.122831895,517,71,2917.3908,9680
Dunder Mifflin,Scranton,PA,Dwight Schrute,US,2017-04-10,2017,2017,4,Apr,15,2017-04-09,2017-04-16,500040.6562021755,507,103,4667.8853,9783
Dunder Mifflin,Scranton,PA,Dwight Schrute,US,2017-04-11,2017,2017,4,Apr,15,2017-04-09,2017-04-16,494869.601636875,463,85,3200.0609,9868
Dunder Mifflin,Scranton,PA,Dwight Schrute,US,2017-04-12,2017,2017,4,Apr,15,2017-04-09,2017-04-16,498393.17504392815,515,142,5423.6057,10010
Dunder Mifflin,Scranton,PA,Dwight Schrute,US,2017-04-13,2017,2017,4,Apr,15,2017-04-09,2017-04-16,499344.41809128685,523,128,4202.2224,10138
Dunder Mifflin,Scranton,PA,Dwight Schrute,US,2017-04-14,2017,2017,4,Apr,15,2017-04-09,2017-04-16,495581.3294441403,505,67,4966.3804,10205
Dunder Mifflin,Scranton,PA,Dwight Schrute,US,2017-04-15,2017,2017,4,Apr,15,2017-04-09,2017-04-16,501965.6554323815,528,73,4376.7962,10278
Dunder Mifflin,Scranton,PA,Dwight Schrute,US,2017-04-16,2017,2017,4,Apr,16,2017-04-16,2017-04-23,503003.40941679734,546,68,3723.7346,10346
Dunder Mifflin,Scranton,PA,Dwight Schrute,US,2017-04-17,2017,2017,4,Apr,16,2017-04-16,2017-04-23,496734.38035154116,497,80,3492.1695,10426
Dunder Mifflin,Scranton,PA,Dwight Schrute,US,2017-04-18,2017,2017,4,Apr,16,2017-04-16,2017-04-23,495971.21984731394,552,31,4885.4143,10457
Dunder Mifflin,Scranton,PA,Dwight Schrute,US,2017-04-19,2017,2017,4,Apr,16,2017-04-16,2017-04-23,498650.3900229523,452,64,4712.4322,10521
Dunder Mifflin,Scranton,PA,Dwight Schrute,US,2017-04-20,2017,2017,4,Apr,16,2017-04-16,2017-04-23,505577.0507923491,471,131,5123.527,10652
Dunder Mifflin,Scranton,PA,Dwight Schrute,US,2017-04-21,2017,2017,4,Apr,16,2017-04-16,2017-04-23,506471.4783576592,462,101,4052.0578,10753
Dunder Mifflin,Scranton,PA,Dwight Schrute,US,2017-04-22,2017,2017,4,Apr,16,2017-04-16,2017-04-23,497205.50121951435,523,114,4362.0189,10867
Dunder Mifflin,Scranton,PA,Dwight Schrute,US,2017-04-23,2017,2017,4,Apr,17,2017-04-23,2017-04-30,502914.4950231668,441,65,4029.3708,10932
Dunder Mifflin,Scranton,PA,Dwight Schrute,US,2017-04-24,2017,2017,4,Apr,17,2017-04-23,2017-04-30,500582.0335836898,518,167,4204.6528,11099
Dunder Mifflin,Scranton,PA,Dwight Schrute,US,2017-04-25,2017,2017,4,Apr,17,2017-04-23,2017-04-30,498216.7402187504,473,70,4613.9112,11169
Dunder Mifflin,Scranton,PA,Dwight Schrute,US,2017-04-26,2017,2017,4,Apr,17,2017-04-23,2017-04-30,495759.68122773594,469,-11,4768.2726,11158
Dunder Mifflin,Scranton,PA,Dwight Schrute,US,2017-04-27,2017,2017,4,Apr,17,2017-04-23,2017-04-30,503019.6359371017,552,144,5772.5379,11302
Dunder Mifflin,Scranton,PA,Dwight Schrute,US,2017-04-28,2017,2017,4,Apr,17,2017-04-23,2017-04-30,503714.3840911412,502,46,3883.6989,11348
Dunder Mifflin,Scranton,PA,Dwight Schrute,US,2017-04-29,2017,2017,4,Apr,17,2017-04-23,2017-04-30,506378.37548028823,513,88,3653.6354,11436
Dunder Mifflin,Scranton,PA,Dwight Schrute,US,2017-04-30,2017,2017,4,Apr,18,2017-04-30,2017-05-07,502050.85604161187,472,36,5116.4603,11472
Dunder Mifflin,Scranton,PA,Dwight Schrute,US,2017-05-01,2017,2017,5,May,18,2017-04-30,2017-05-07,504296.80356608675,499,101,4271.8784,11573
Dunder Mifflin,Scranton,PA,Dwight Schrute,US,2017-05-02,2017,2017,5,May,18,2017-04-30,2017-05-07,497905.8749559288,485,41,5747.2028,11614
Dunder Mifflin,Scranton,PA,Dwight Schrute,US,2017-05-03,2017,2017,5,May,18,2017-04-30,2017-05-07,501748.7142744895,501,74,4778.5656,11688
Dunder Mifflin,Scranton,PA,Dwight Schrute,US,2017-05-04,2017,2017,5,May,18,2017-04-30,2017-05-07,494830.6353415701,457,46,5156.4004,11734
Dunder Mifflin,Scranton,PA,Dwight Schrute,US,2017-05-05,2017,2017,5,May,18,2017-04-30,2017-05-07,495374.71353936667,441,141,3617.1553,11875
Dunder Mifflin,Scranton,PA,Dwight Schrute,US,2017-05-06,2017,2017,5,May,18,2017-04-30,2017-05-07,498156.6821293543,508,86,3196.5065,11961
Dunder Mifflin,Scranton,PA,Dwight Schrute,US,2017-05-07,2017,2017,5,May,19,2017-05-07,2017-05-14,494388.83118453284,441,66,3739.2241,12027
Dunder Mifflin,Scranton,PA,Dwight Schrute,US,2017-05-08,2017,2017,5,May,19,2017-05-07,2017-05-14,504246.5710247868,459,100,4582.3395,12127
Dunder Mifflin,Scranton,PA,Dwight Schrute,US,2017-05-09,2017,2017,5,May,19,2017-05-07,2017-05-14,506459.11231676483,514,87,3492.5944,12214
Dunder Mifflin,Scranton,PA,Dwight Schrute,US,2017-05-10,2017,2017,5,May,19,2017-05-07,2017-05-14,501224.18888230436,457,58,5364.5726,12272
Dunder Mifflin,Scranton,PA,Dwight Schrute,US,2017-05-11,2017,2017,5,May,19,2017-05-07,2017-05-14,499971.73326161713,501,154,4601.0573,12426
Dunder Mifflin,Scranton,PA,Dwight Schrute,US,2017-05-12,2017,2017,5,May,19,2017-05-07,2017-05-14,499668.7283526942,541,103,3272.193,12529
Dunder Mifflin,Scranton,PA,Dwight Schrute,US,2017-05-13,2017,2017,5,May,19,2017-05-07,2017-05-14,493859.50801839615,543,50,2621.9159,12579
Dunder Mifflin,Scranton,PA,Dwight Schrute,US,2017-05-14,2017,2017,5,May,20,2017-05-14,2017-05-21,502949.391886794,499,143,6223.2941,12722
Dunder Mifflin,Scranton,PA,Dwight Schrute,US,2017-05-15,2017,2017,5,May,20,2017-05-14,2017-05-21,501381.7533572107,466,100,3555.8735,12822
Dunder Mifflin,Scranton,PA,Dwight Schrute,US,2017-05-16,2017,2017,5,May,20,2017-05-14,2017-05-21,501896.44532710494,528,117,5074.5315,12939
Dunder Mifflin,Scranton,PA,Dwight Schrute,US,2017-05-17,2017,2017,5,May,20,2017-05-14,2017-05-21,499461.74526762194,502,96,4189.7778,13035
Dunder Mifflin,Scranton,PA,Dwight Schrute,US,2017-05-18,2017,2017,5,May,20,2017-05-14,2017-05-21,503634.0175674396,475,125,4515.4937,13160
Dunder Mifflin,Scranton,PA,Dwight Schrute,US,2017-05-19,2017,2017,5,May,20,2017-05-14,2017-05-21,501879.0901412121,549,153,5581.5651,13313
Dunder Mifflin,Scranton,PA,Dwight Schrute,US,2017-05-20,2017,2017,5,May,20,2017-05-14,2017-05-21,502058.32159889495,521,123,4663.9669,13436
Dunder Mifflin,Scranton,PA,Dwight Schrute,US,2017-05-21,2017,2017,5,May,21,2017-05-21,2017-05-28,496256.51087171497,524,113,4292.3955,13549
Dunder Mifflin,Scranton,PA,Dwight Schrute,US,2017-05-22,2017,2017,5,May,21,2017-05-21,2017-05-28,503293.9890448532,469,107,3489.0108,13656
Dunder Mifflin,Scranton,PA,Dwight Schrute,US,2017-05-23,2017,2017,5,May,21,2017-05-21,2017-05-28,499272.6625785607,495,71,3285.8557,13727
Dunder Mifflin,Scranton,PA,Dwight Schrute,US,2017-05-24,2017,2017,5,May,21,2017-05-21,2017-05-28,490705.44484517566,448,103,4886.0302,13830
Dunder Mifflin,Scranton,PA,Dwight Schrute,US,2017-05-25,2017,2017,5,May,21,2017-05-21,2017-05-28,502082.83120486856,528,96,2196.4423,13926
Dunder Mifflin,Scranton,PA,Dwight Schrute,US,2017-05-26,2017,2017,5,May,21,2017-05-21,2017-05-28,500313.1869325404,527,91,4609.3062,14017
Dunder Mifflin,Scranton,PA,Dwight Schrute,US,2017-05-27,2017,2017,5,May,21,2017-05-21,2017-05-28,500738.9317795535,517,101,4856.2647,14118
Dunder Mifflin,Scranton,PA,Dwight Schrute,US,2017-05-28,2017,2017,5,May,22,2017-05-28,2017-06-04,493352.9846367448,539,129,4832.5741,14247
Dunder Mifflin,Scranton,PA,Dwight Schrute,US,2017-05-29,2017,2017,5,May,22,2017-05-28,2017-06-04,500715.415023917,500,92,4220.8149,14339
Dunder Mifflin,Scranton,PA,Dwight Schrute,US,2017-05-30,2017,2017,5,May,22,2017-05-28,2017-06-04,498112.14783683536,451,94,4276.2494,14433
Dunder Mifflin,Scranton,PA,Dwight Schrute,US,2017-05-31,2017,2017,5,May,22,2017-05-28,2017-06-04,500223.13669544546,457,85,6349.733,14518
Dunder Mifflin,Scranton,PA,Dwight Schrute,US,2017-06-01,2017,2017,6,Jun,22,2017-05-28,2017-06-04,502463.55136927095,537,120,5346.6292,14638
Dunder Mifflin,Scranton,PA,Dwight Schrute,US,2017-06-02,2017,2017,6,Jun,22,2017-05-28,2017-06-04,501828.9606331201,514,76,2925.943,14714
Dunder Mifflin,Scranton,PA,Dwight Schrute,US,2017-06-03,2017,2017,6,Jun,22,2017-05-28,2017-06-04,498498.90557772334,536,16,5963.9322,14730
Dunder Mifflin,Scranton,PA,Dwight Schrute,US,2017-06-04,2017,2017,6,Jun,23,2017-06-04,2017-06-11,498112.7759766923,491,74,6296.4876,14804
Dunder Mifflin,Scranton,PA,Dwight Schrute,US,2017-06-05,2017,2017,6,Jun,23,2017-06-04,2017-06-11,497541.1098421262,482,95,4872.1473,14899
Dunder Mifflin,Scranton,PA,Dwight Schrute,US,2017-06-06,2017,2017,6,Jun,23,2017-06-04,2017-06-11,501943.2571621397,504,125,3809.9774,15024
Dunder Mifflin,Scranton,PA,Dwight Schrute,US,2017-06-07,2017,2017,6,Jun,23,2017-06-04,2017-06-11,501232.72853389435,446,76,4415.0998,15100
Dunder Mifflin,Scranton,PA,Dwight Schrute,US,2017-06-08,2017,2017,6,Jun,23,2017-06-04,2017-06-11,501648.105915872,506,80,6253.8032,15180
Dunder Mifflin,Scranton,PA,Dwight Schrute,US,2017-06-09,2017,2017,6,Jun,23,2017-06-04,2017-06-11,496774.18851138966,458,105,3797.872,15285
Dunder Mifflin,Scranton,PA,Dwight Schrute,US,2017-06-10,2017,2017,6,Jun,23,2017-06-04,2017-06-11,505790.290204836,505,94,4382.5054,15379
Dunder Mifflin,Scranton,PA,Dwight Schrute,US,2017-06-11,2017,2017,6,Jun,24,2017-06-11,2017-06-18,495387.62052118836,501,86,5988.1331,15465
Dunder Mifflin,Scranton,PA,Dwight Schrute,US,2017-06-12,2017,2017,6,Jun,24,2017-06-11,2017-06-18,501776.80294049805,482,59,5081.7005,15524
Dunder Mifflin,Scranton,PA,Dwight Schrute,US,2017-06-13,2017,2017,6,Jun,24,2017-06-11,2017-06-18,503896.1919713718,458,40,4189.1552,15564
Dunder Mifflin,Scranton,PA,Dwight Schrute,US,2017-06-14,2017,2017,6,Jun,24,2017-06-11,2017-06-18,494930.2665237706,519,76,6164.448,15640
Dunder Mifflin,Scranton,PA,Dwight Schrute,US,2017-06-15,2017,2017,6,Jun,24,2017-06-11,2017-06-18,495881.1307427753,555,60,4536.8534,15700
Dunder Mifflin,Scranton,PA,Dwight Schrute,US,2017-06-16,2017,2017,6,Jun,24,2017-06-11,2017-06-18,501704.33941780444,433,100,3469.9202,15800
Dunder Mifflin,Scranton,PA,Dwight Schrute,US,2017-06-17,2017,2017,6,Jun,24,2017-06-11,2017-06-18,503429.89946596633,492,100,5816.8962,15900
Dunder Mifflin,Scranton,PA,Dwight Schrute,US,2017-06-18,2017,2017,6,Jun,25,2017-06-18,2017-06-25,502489.32780015364,451,72,3982.7662,15972
Dunder Mifflin,Scranton,PA,Dwight Schrute,US,2017-06-19,2017,2017,6,Jun,25,2017-06-18,2017-06-25,499625.1871055874,454,86,4269.8335,16058
Dunder Mifflin,Scranton,PA,Dwight Schrute,US,2017-06-20,2017,2017,6,Jun,25,2017-06-18,2017-06-25,498205.669743154,511,108,3113.8211,16166
Dunder Mifflin,Scranton,PA,Dwight Schrute,US,2017-06-21,2017,2017,6,Jun,25,2017-06-18,2017-06-25,493945.4991166849,548,110,5100.7965,16276
Dunder Mifflin,Scranton,PA,Dwight Schrute,US,2017-06-22,2017,2017,6,Jun,25,2017-06-18,2017-06-25,499042.5810075987,460,134,3799.9975,16410
Dunder Mifflin,Scranton,PA,Dwight Schrute,US,2017-06-23,2017,2017,6,Jun,25,2017-06-18,2017-06-25,499073.38117993675,506,120,2275.2905,16530
Dunder Mifflin,Scranton,PA,Dwight Schrute,US,2017-06-24,2017,2017,6,Jun,25,2017-06-18,2017-06-25,509519.33571186825,500,107,6192.4426,16637
Dunder Mifflin,Scranton,PA,Dwight Schrute,US,2017-06-25,2017,2017,6,Jun,26,2017-06-25,2017-07-02,497179.6610124748,541,74,4690.9918,16711
Dunder Mifflin,Scranton,PA,Dwight Schrute,US,2017-06-26,2017,2017,6,Jun,26,2017-06-25,2017-07-02,503755.86046061333,477,75,5121.2994,16786
Dunder Mifflin,Scranton,PA,Dwight Schrute,US,2017-06-27,2017,2017,6,Jun,26,2017-06-25,2017-07-02,500458.252679173,565,101,3315.3762,16887
Dunder Mifflin,Scranton,PA,Dwight Schrute,US,2017-06-28,2017,2017,6,Jun,26,2017-06-25,2017-07-02,496466.73662687134,469,25,4878.5916,16912
Dunder Mifflin,Scranton,PA,Dwight Schrute,US,2017-06-29,2017,2017,6,Jun,26,2017-06-25,2017-07-02,498980.819149744,485,39,4947.4157,16951
Dunder Mifflin,Scranton,PA,Dwight Schrute,US,2017-06-30,2017,2017,6,Jun,26,2017-06-25,2017-07-02,503276.26609143673,521,145,4250.5075,17096
Dunder Mifflin,Scranton,PA,Dwight Schrute,US,2017-07-01,2017,2017,7,Jul,26,2017-06-25,2017-07-02,500351.1610596014,521,91,3784.0783,17187
Dunder Mifflin,Scranton,PA,Dwight Schrute,US,2017-07-02,2017,2017,7,Jul,27,2017-07-02,2017-07-09,505587.58064072655,489,48,2055.648,17235
Dunder Mifflin,Scranton,PA,Dwight Schrute,US,2017-07-03,2017,2017,7,Jul,27,2017-07-02,2017-07-09,502170.9454292543,485,124,4502.9791,17359
Dunder Mifflin,Scranton,PA,Dwight Schrute,US,2017-07-04,2017,2017,7,Jul,27,2017-07-02,2017-07-09,500635.74272384436,528,100,3854.2389,17459
Dunder Mifflin,Scranton,PA,Dwight Schrute,US,2017-07-05,2017,2017,7,Jul,27,2017-07-02,2017-07-09,495757.1090894777,497,46,4734.3924,17505
Dunder Mifflin,Scranton,PA,Dwight Schrute,US,2017-07-06,2017,2017,7,Jul,27,2017-07-02,2017-07-09,497602.5543322969,430,57,5069.3864,17562
Dunder Mifflin,Scranton,PA,Dwight Schrute,US,2017-07-07,2017,2017,7,Jul,27,2017-07-02,2017-07-09,509977.5715471392,508,82,5050.3645,17644
Dunder Mifflin,Scranton,PA,Dwight Schrute,US,2017-07-08,2017,2017,7,Jul,27,2017-07-02,2017-07-09,501248.1624325971,522,108,4672.3009,17752
Dunder Mifflin,Scranton,PA,Dwight Schrute,US,2017-07-09,2017,2017,7,Jul,28,2017-07-09,2017-07-16,498518.57198467955,482,133,3274.7784,17885
Dunder Mifflin,Scranton,PA,Dwight Schrute,US,2017-07-10,2017,2017,7,Jul,28,2017-07-09,2017-07-16,499540.861697295,507,153,3338.702,18038
Dunder Mifflin,Scranton,PA,Dwight Schrute,US,2017-07-11,2017,2017,7,Jul,28,2017-07-09,2017-07-16,499788.8764852481,508,41,4571.0834,18079
Dunder Mifflin,Scranton,PA,Dwight Schrute,US,2017-07-12,2017,2017,7,Jul,28,2017-07-09,2017-07-16,499821.8967187007,538,31,3598.4415,18110
Dunder Mifflin,Scranton,PA,Dwight Schrute,US,2017-07-13,2017,2017,7,Jul,28,2017-07-09,2017-07-16,497423.3877887949,518,122,2871.2043,18232
Dunder Mifflin,Scranton,PA,Dwight Schrute,US,2017-07-14,2017,2017,7,Jul,28,2017-07-09,2017-07-16,502117.145869655,538,91,4851.2839,18323
Dunder Mifflin,Scranton,PA,Dwight Schrute,US,2017-07-15,2017,2017,7,Jul,28,2017-07-09,2017-07-16,501335.912585783,493,153,4771.621,18476
Dunder Mifflin,Scranton,PA,Dwight Schrute,US,2017-07-16,2017,2017,7,Jul,29,2017-07-16,2017-07-23,496359.6462663451,503,7,3951.1571,18483
Dunder Mifflin,Scranton,PA,Dwight Schrute,US,2017-07-17,2017,2017,7,Jul,29,2017-07-16,2017-07-23,500696.829680792,518,61,5313.3279,18544
Dunder Mifflin,Scranton,PA,Dwight Schrute,US,2017-07-18,2017,2017,7,Jul,29,2017-07-16,2017-07-23,510420.99207794527,444,90,4415.4727,18634
Dunder Mifflin,Scranton,PA,Dwight Schrute,US,2017-07-19,2017,2017,7,Jul,29,2017-07-16,2017-07-23,495616.6141916212,485,51,4777.8437,18685
Dunder Mifflin,Scranton,PA,Dwight Schrute,US,2017-07-20,2017,2017,7,Jul,29,2017-07-16,2017-07-23,502989.1208239901,508,65,3828.2618,18750
Dunder Mifflin,Scranton,PA,Dwight Schrute,US,2017-07-21,2017,2017,7,Jul,29,2017-07-16,2017-07-23,498238.16633115866,503,89,4311.5247,18839
Dunder Mifflin,Scranton,PA,Dwight Schrute,US,2017-07-22,2017,2017,7,Jul,29,2017-07-16,2017-07-23,497011.0369105248,483,116,5667.531,18955
Dunder Mifflin,Scranton,PA,Dwight Schrute,US,2017-07-23,2017,2017,7,Jul,30,2017-07-23,2017-07-30,503631.15935434215,521,148,4669.9684,19103
Dunder Mifflin,Scranton,PA,Dwight Schrute,US,2017-07-24,2017,2017,7,Jul,30,2017-07-23,2017-07-30,497891.69975511776,441,111,4999.7664,19214
Dunder Mifflin,Scranton,PA,Dwight Schrute,US,2017-07-25,2017,2017,7,Jul,30,2017-07-23,2017-07-30,497080.2236053512,533,122,4315.9595,19336
Dunder Mifflin,Scranton,PA,Dwight Schrute,US,2017-07-26,2017,2017,7,Jul,30,2017-07-23,2017-07-30,505024.8268261369,490,111,3443.4172,19447
Dunder Mifflin,Scranton,PA,Dwight Schrute,US,2017-07-27,2017,2017,7,Jul,30,2017-07-23,2017-07-30,497755.222761489,515,65,4173.0721,19512
Dunder Mifflin,Scranton,PA,Dwight Schrute,US,2017-07-28,2017,2017,7,Jul,30,2017-07-23,2017-07-30,496449.2068469225,436,77,4311.2589,19589
Dunder Mifflin,Scranton,PA,Dwight Schrute,US,2017-07-29,2017,2017,7,Jul,30,2017-07-23,2017-07-30,496284.51895774656,501,87,4103.1753,19676
Dunder Mifflin,Scranton,PA,Dwight Schrute,US,2017-07-30,2017,2017,7,Jul,31,2017-07-30,2017-08-06,505101.55265241297,436,99,4296.7775,19775
Dunder Mifflin,Scranton,PA,Dwight Schrute,US,2017-07-31,2017,2017,7,Jul,31,2017-07-30,2017-08-06,507500.6055851458,477,76,4092.1947,19851
Dunder Mifflin,Scranton,PA,Dwight Schrute,US,2017-08-01,2017,2017,8,Aug,31,2017-07-30,2017-08-06,500555.30351917906,512,107,3923.3889,19958
Dunder Mifflin,Scranton,PA,Dwight Schrute,US,2017-08-02,2017,2017,8,Aug,31,2017-07-30,2017-08-06,500981.1282540071,486,133,4969.887,20091
Dunder Mifflin,Scranton,PA,Dwight Schrute,US,2017-08-03,2017,2017,8,Aug,31,2017-07-30,2017-08-06,499324.5683928718,485,142,5820.3808,20233
Dunder Mifflin,Scranton,PA,Dwight Schrute,US,2017-08-04,2017,2017,8,Aug,31,2017-07-30,2017-08-06,499349.78851464594,573,58,5693.2094,20291
Dunder Mifflin,Scranton,PA,Dwight Schrute,US,2017-08-05,2017,2017,8,Aug,31,2017-07-30,2017-08-06,500608.94426570775,543,104,3171.1032,20395
Dunder Mifflin,Scranton,PA,Dwight Schrute,US,2017-08-06,2017,2017,8,Aug,32,2017-08-06,2017-08-13,499110.956962076,426,133,5347.0162,20528
Dunder Mifflin,Scranton,PA,Dwight Schrute,US,2017-08-07,2017,2017,8,Aug,32,2017-08-06,2017-08-13,507561.6828086836,503,162,4490.7039,20690
Dunder Mifflin,Scranton,PA,Dwight Schrute,US,2017-08-08,2017,2017,8,Aug,32,2017-08-06,2017-08-13,505120.1172704001,480,41,5261.4994,20731
Dunder Mifflin,Scranton,PA,Dwight Schrute,US,2017-08-09,2017,2017,8,Aug,32,2017-08-06,2017-08-13,502184.35289321176,499,98,3521.8046,20829
Dunder Mifflin,Scranton,PA,Dwight Schrute,US,2017-08-10,2017,2017,8,Aug,32,2017-08-06,2017-08-13,504778.0242538555,470,79,3504.0522,20908
Dunder Mifflin,Scranton,PA,Dwight Schrute,US,2017-08-11,2017,2017,8,Aug,32,2017-08-06,2017-08-13,503294.26143232157,561,83,3105.0155,20991
Dunder Mifflin,Scranton,PA,Dwight Schrute,US,2017-08-12,2017,2017,8,Aug,32,2017-08-06,2017-08-13,503082.00434564025,523,52,4393.5331,21043
Dunder Mifflin,Scranton,PA,Dwight Schrute,US,2017-08-13,2017,2017,8,Aug,33,2017-08-13,2017-08-20,497737.5875818358,513,107,5108.2627,21150
Dunder Mifflin,Scranton,PA,Dwight Schrute,US,2017-08-14,2017,2017,8,Aug,33,2017-08-13,2017-08-20,501691.0682761043,489,96,5741.2921,21246
Dunder Mifflin,Scranton,PA,Dwight Schrute,US,2017-08-15,2017,2017,8,Aug,33,2017-08-13,2017-08-20,495469.4491593672,495,156,5387.2272,21402
Dunder Mifflin,Scranton,PA,Dwight Schrute,US,2017-08-16,2017,2017,8,Aug,33,2017-08-13,2017-08-20,500890.4696765052,539,105,3807.0167,21507
Dunder Mifflin,Scranton,PA,Dwight Schrute,US,2017-08-17,2017,2017,8,Aug,33,2017-08-13,2017-08-20,498901.90526121604,495,52,3941.9601,21559
Dunder Mifflin,Scranton,PA,Dwight Schrute,US,2017-08-18,2017,2017,8,Aug,33,2017-08-13,2017-08-20,501006.3593123407,486,127,5267.1462,21686
Dunder Mifflin,Scranton,PA,Dwight Schrute,US,2017-08-19,2017,2017,8,Aug,33,2017-08-13,2017-08-20,501862.89443873795,478,123,3984.7039,21809
Dunder Mifflin,Scranton,PA,Dwight Schrute,US,2017-08-20,2017,2017,8,Aug,34,2017-08-20,2017-08-27,501945.4288306354,439,100,4978.2284,21909
Dunder Mifflin,Scranton,PA,Dwight Schrute,US,2017-08-21,2017,2017,8,Aug,34,2017-08-20,2017-08-27,498995.3530301159,508,118,6378.5062,22027
Dunder Mifflin,Scranton,PA,Dwight Schrute,US,2017-08-22,2017,2017,8,Aug,34,2017-08-20,2017-08-27,500303.8366382384,475,108,4879.0832,22135
Dunder Mifflin,Scranton,PA,Dwight Schrute,US,2017-08-23,2017,2017,8,Aug,34,2017-08-20,2017-08-27,501682.30112993316,432,72,7038.6947,22207
Dunder Mifflin,Scranton,PA,Dwight Schrute,US,2017-08-24,2017,2017,8,Aug,34,2017-08-20,2017-08-27,501801.8335027386,518,108,3739.0968,22315
Dunder Mifflin,Scranton,PA,Dwight Schrute,US,2017-08-25,2017,2017,8,Aug,34,2017-08-20,2017-08-27,496012.06046833546,456,32,5237.8756,22347
Dunder Mifflin,Scranton,PA,Dwight Schrute,US,2017-08-26,2017,2017,8,Aug,34,2017-08-20,2017-08-27,500520.6406009454,537,48,4955.5124,22395
Dunder Mifflin,Scranton,PA,Dwight Schrute,US,2017-08-27,2017,2017,8,Aug,35,2017-08-27,2017-09-03,491433.91174826823,512,187,4258.295,22582
Dunder Mifflin,Scranton,PA,Dwight Schrute,US,2017-08-28,2017,2017,8,Aug,35,2017-08-27,2017-09-03,495288.26855789067,518,149,3715.6464,22731
Dunder Mifflin,Scranton,PA,Dwight Schrute,US,2017-08-29,2017,2017,8,Aug,35,2017-08-27,2017-09-03,499974.2125135735,532,137,5138.6442,22868
Dunder Mifflin,Scranton,PA,Dwight Schrute,US,2017-08-30,2017,2017,8,Aug,35,2017-08-27,2017-09-03,501707.55985104473,535,48,3226.3373,22916
Dunder Mifflin,Scranton,PA,Dwight Schrute,US,2017-08-31,2017,2017,8,Aug,35,2017-08-27,2017-09-03,499543.3797268105,466,98,4060.5572,23014
Dunder Mifflin,Scranton,PA,Dwight Schrute,US,2017-09-01,2017,2017,9,Sep,35,2017-08-27,2017-09-03,504349.58477841015,521,136,4983.1655,23150
Dunder Mifflin,Scranton,PA,Dwight Schrute,US,2017-09-02,2017,2017,9,Sep,35,2017-08-27,2017-09-03,501678.36252345756,509,81,4902.7694,23231
Dunder Mifflin,Scranton,PA,Dwight Schrute,US,2017-09-03,2017,2017,9,Sep,36,2017-09-03,2017-09-10,499026.0446895839,505,101,4518.3466,23332
Dunder Mifflin,Scranton,PA,Dwight Schrute,US,2017-09-04,2017,2017,9,Sep,36,2017-09-03,2017-09-10,502795.38785112055,524,119,4413.3122,23451
Dunder Mifflin,Scranton,PA,Dwight Schrute,US,2017-09-05,2017,2017,9,Sep,36,2017-09-03,2017-09-10,499530.69305982714,552,100,2995.9921,23551
Dunder Mifflin,Scranton,PA,Dwight Schrute,US,2017-09-06,2017,2017,9,Sep,36,2017-09-03,2017-09-10,494136.9973781588,494,81,6595.9282,23632
Dunder Mifflin,Scranton,PA,Dwight Schrute,US,2017-09-07,2017,2017,9,Sep,36,2017-09-03,2017-09-10,493730.211213715,509,93,4498.5451,23725
Dunder Mifflin,Scranton,PA,Dwight Schrute,US,2017-09-08,2017,2017,9,Sep,36,2017-09-03,2017-09-10,501660.7779919738,500,77,3203.8073,23802
Dunder Mifflin,Scranton,PA,Dwight Schrute,US,2017-09-09,2017,2017,9,Sep,36,2017-09-03,2017-09-10,501969.63162499206,518,66,4699.0885,23868
Dunder Mifflin,Scranton,PA,Dwight Schrute,US,2017-09-10,2017,2017,9,Sep,37,2017-09-10,2017-09-17,501168.18124227336,544,83,3573.195,23951
Dunder Mifflin,Scranton,PA,Dwight Schrute,US,2017-09-11,2017,2017,9,Sep,37,2017-09-10,2017-09-17,503301.5790526325,518,127,5026.3315,24078
Dunder Mifflin,Scranton,PA,Dwight Schrute,US,2017-09-12,2017,2017,9,Sep,37,2017-09-10,2017-09-17,507934.7318539402,576,87,5891.7879,24165
Dunder Mifflin,Scranton,PA,Dwight Schrute,US,2017-09-13,2017,2017,9,Sep,37,2017-09-10,2017-09-17,501606.5988259462,487,112,3937.8332,24277
Dunder Mifflin,Scranton,PA,Dwight Schrute,US,2017-09-14,2017,2017,9,Sep,37,2017-09-10,2017-09-17,505203.86725323845,511,94,4789.2049,24371
Dunder Mifflin,Scranton,PA,Dwight Schrute,US,2017-09-15,2017,2017,9,Sep,37,2017-09-10,2017-09-17,495269.203389135,504,93,3729.8158,24464
Dunder Mifflin,Scranton,PA,Dwight Schrute,US,2017-09-16,2017,2017,9,Sep,37,2017-09-10,2017-09-17,496296.02413016383,545,98,4450.2232,24562
Dunder Mifflin,Scranton,PA,Dwight Schrute,US,2017-09-17,2017,2017,9,Sep,38,2017-09-17,2017-09-24,497185.22053766355,465,126,5437.5309,24688
Dunder Mifflin,Scranton,PA,Dwight Schrute,US,2017-09-18,2017,2017,9,Sep,38,2017-09-17,2017-09-24,502034.17434889026,504,132,2737.3046,24820
Dunder Mifflin,Scranton,PA,Dwight Schrute,US,2017-09-19,2017,2017,9,Sep,38,2017-09-17,2017-09-24,497578.66368717357,476,63,4019.0084,24883
Dunder Mifflin,Scranton,PA,Dwight Schrute,US,2017-09-20,2017,2017,9,Sep,38,2017-09-17,2017-09-24,492552.1596751993,533,86,5797.6906,24969
Dunder Mifflin,Scranton,PA,Dwight Schrute,US,2017-09-21,2017,2017,9,Sep,38,2017-09-17,2017-09-24,497364.87917169544,504,54,5084.4199,25023
Dunder Mifflin,Scranton,PA,Dwight Schrute,US,2017-09-22,2017,2017,9,Sep,38,2017-09-17,2017-09-24,507393.5231139021,450,94,4825.7982,25117
Dunder Mifflin,Scranton,PA,Dwight Schrute,US,2017-09-23,2017,2017,9,Sep,38,2017-09-17,2017-09-24,499132.3902270828,546,139,4815.9047,25256
Dunder Mifflin,Scranton,PA,Dwight Schrute,US,2017-09-24,2017,2017,9,Sep,39,2017-09-24,2017-10-01,501108.1180055168,503,106,4383.8388,25362
Dunder Mifflin,Scranton,PA,Dwight Schrute,US,2017-09-25,2017,2017,9,Sep,39,2017-09-24,2017-10-01,499622.58423848683,499,119,4729.8367,25481
Dunder Mifflin,Scranton,PA,Dwight Schrute,US,2017-09-26,2017,2017,9,Sep,39,2017-09-24,2017-10-01,496051.4077482791,512,90,2829.1169,25571
Dunder Mifflin,Scranton,PA,Dwight Schrute,US,2017-09-27,2017,2017,9,Sep,39,2017-09-24,2017-10-01,499001.6998536596,450,94,4366.1687,25665
Dunder Mifflin,Scranton,PA,Dwight Schrute,US,2017-09-28,2017,2017,9,Sep,39,2017-09-24,2017-10-01,497321.6374338088,522,93,4153.3378,25758
Dunder Mifflin,Scranton,PA,Dwight Schrute,US,2017-09-29,2017,2017,9,Sep,39,2017-09-24,2017-10-01,501066.93346662214,504,74,4252.2554,25832
Dunder Mifflin,Scranton,PA,Dwight Schrute,US,2017-09-30,2017,2017,9,Sep,39,2017-09-24,2017-10-01,500753.76198069117,558,94,5641.2114,25926
Dunder Mifflin,Scranton,PA,Dwight Schrute,US,2017-10-01,2017,2017,10,Oct,40,2017-10-01,2017-10-08,496780.7034891889,483,103,5030.6074,26029
Dunder Mifflin,Scranton,PA,Dwight Schrute,US,2017-10-02,2017,2017,10,Oct,40,2017-10-01,2017-10-08,500956.19668965053,504,107,5667.7471,26136
Dunder Mifflin,Scranton,PA,Dwight Schrute,US,2017-10-03,2017,2017,10,Oct,40,2017-10-01,2017-10-08,500423.0026222489,483,132,5006.2931,26268
Dunder Mifflin,Scranton,PA,Dwight Schrute,US,2017-10-04,2017,2017,10,Oct,40,2017-10-01,2017-10-08,494893.9661826943,543,64,4155.1316,26332
Dunder Mifflin,Scranton,PA,Dwight Schrute,US,2017-10-05,2017,2017,10,Oct,40,2017-10-01,2017-10-08,494856.29575801763,528,100,4924.608,26432
Dunder Mifflin,Scranton,PA,Dwight Schrute,US,2017-10-06,2017,2017,10,Oct,40,2017-10-01,2017-10-08,499780.59516379185,444,110,5911.1271,26542
Dunder Mifflin,Scranton,PA,Dwight Schrute,US,2017-10-07,2017,2017,10,Oct,40,2017-10-01,2017-10-08,496127.1112216718,496,59,5866.4118,26601
Dunder Mifflin,Scranton,PA,Dwight Schrute,US,2017-10-08,2017,2017,10,Oct,41,2017-10-08,2017-10-15,494285.60991590016,549,82,5072.7534,26683
Dunder Mifflin,Scranton,PA,Dwight Schrute,US,2017-10-09,2017,2017,10,Oct,41,2017-10-08,2017-10-15,494710.2431713762,491,73,3499.1136,26756
Dunder Mifflin,Scranton,PA,Dwight Schrute,US,2017-10-10,2017,2017,10,Oct,41,2017-10-08,2017-10-15,502832.9203587362,478,134,3670.0132,26890
Dunder Mifflin,Scranton,PA,Dwight Schrute,US,2017-10-11,2017,2017,10,Oct,41,2017-10-08,2017-10-15,499424.6774812392,390,163,4647.0569,27053
Dunder Mifflin,Scranton,PA,Dwight Schrute,US,2017-10-12,2017,2017,10,Oct,41,2017-10-08,2017-10-15,499610.2651786837,513,34,4543.7417,27087
Dunder Mifflin,Scranton,PA,Dwight Schrute,US,2017-10-13,2017,2017,10,Oct,41,2017-10-08,2017-10-15,499942.1819685669,477,143,5853.1462,27230
Dunder Mifflin,Scranton,PA,Dwight Schrute,US,2017-10-14,2017,2017,10,Oct,41,2017-10-08,2017-10-15,499877.520642827,530,69,3534.541,27299
Dunder Mifflin,Scranton,PA,Dwight Schrute,US,2017-10-15,2017,2017,10,Oct,42,2017-10-15,2017-10-22,497030.6014868476,505,50,3972.1626,27349
Dunder Mifflin,Scranton,PA,Dwight Schrute,US,2017-10-16,2017,2017,10,Oct,42,2017-10-15,2017-10-22,503352.1491151299,542,92,3993.5485,27441
Dunder Mifflin,Scranton,PA,Dwight Schrute,US,2017-10-17,2017,2017,10,Oct,42,2017-10-15,2017-10-22,499686.7118845163,549,176,3644.3882,27617
Dunder Mifflin,Scranton,PA,Dwight Schrute,US,2017-10-18,2017,2017,10,Oct,42,2017-10-15,2017-10-22,499895.3635794381,526,84,4960.1368,27701
Dunder Mifflin,Scranton,PA,Dwight Schrute,US,2017-10-19,2017,2017,10,Oct,42,2017-10-15,2017-10-22,503412.3912391787,521,103,4411.6071,27804
Dunder Mifflin,Scranton,PA,Dwight Schrute,US,2017-10-20,2017,2017,10,Oct,42,2017-10-15,2017-10-22,496250.90194277634,449,130,3897.6743,27934
Dunder Mifflin,Scranton,PA,Dwight Schrute,US,2017-10-21,2017,2017,10,Oct,42,2017-10-15,2017-10-22,498737.6273945186,456,61,3990.9852,27995
Dunder Mifflin,Scranton,PA,Dwight Schrute,US,2017-10-22,2017,2017,10,Oct,43,2017-10-22,2017-10-29,499693.2395477081,516,81,6770.5659,28076
Dunder Mifflin,Scranton,PA,Dwight Schrute,US,2017-10-23,2017,2017,10,Oct,43,2017-10-22,2017-10-29,496781.5665150934,435,119,5486.8679,28195
Dunder Mifflin,Scranton,PA,Dwight Schrute,US,2017-10-24,2017,2017,10,Oct,43,2017-10-22,2017-10-29,503204.9044790221,496,125,5481.8269,28320
Dunder Mifflin,Scranton,PA,Dwight Schrute,US,2017-10-25,2017,2017,10,Oct,43,2017-10-22,2017-10-29,497728.3655528453,479,106,5589.6898,28426
Dunder Mifflin,Scranton,PA,Dwight Schrute,US,2017-10-26,2017,2017,10,Oct,43,2017-10-22,2017-10-29,496396.8428330911,473,58,4579.3286,28484
Dunder Mifflin,Scranton,PA,Dwight Schrute,US,2017-10-27,2017,2017,10,Oct,43,2017-10-22,2017-10-29,497172.568259241,494,76,5149.1599,28560
Dunder Mifflin,Scranton,PA,Dwight Schrute,US,2017-10-28,2017,2017,10,Oct,43,2017-10-22,2017-10-29,500308.7201920465,523,77,5508.8237,28637
Dunder Mifflin,Scranton,PA,Dwight Schrute,US,2017-10-29,2017,2017,10,Oct,44,2017-10-29,2017-11-05,497384.60844645323,487,138,3614.1679,28775
Dunder Mifflin,Scranton,PA,Dwight Schrute,US,2017-10-30,2017,2017,10,Oct,44,2017-10-29,2017-11-05,493718.3843397753,558,73,4851.1642,28848
Dunder Mifflin,Scranton,PA,Dwight Schrute,US,2017-10-31,2017,2017,10,Oct,44,2017-10-29,2017-11-05,502305.3090238329,500,92,4081.485,28940
Dunder Mifflin,Scranton,PA,Dwight Schrute,US,2017-11-01,2017,2017,11,Nov,44,2017-10-29,2017-11-05,503309.68913521554,452,104,6167.372,29044
Dunder Mifflin,Scranton,PA,Dwight Schrute,US,2017-11-02,2017,2017,11,Nov,44,2017-10-29,2017-11-05,499811.5233604684,490,127,4876.6372,29171
Dunder Mifflin,Scranton,PA,Dwight Schrute,US,2017-11-03,2017,2017,11,Nov,44,2017-10-29,2017-11-05,491278.83089483937,519,154,4639.3394,29325
Dunder Mifflin,Scranton,PA,Dwight Schrute,US,2017-11-04,2017,2017,11,Nov,44,2017-10-29,2017-11-05,499116.11562968633,482,94,3987.8111,29419
Dunder Mifflin,Scranton,PA,Dwight Schrute,US,2017-11-05,2017,2017,11,Nov,45,2017-11-05,2017-11-12,505565.0568724583,549,97,4864.9421,29516
Dunder Mifflin,Scranton,PA,Dwight Schrute,US,2017-11-06,2017,2017,11,Nov,45,2017-11-05,2017-11-12,495263.5824194818,454,149,3733.0337,29665
Dunder Mifflin,Scranton,PA,Dwight Schrute,US,2017-11-07,2017,2017,11,Nov,45,2017-11-05,2017-11-12,496117.8179535897,516,131,4269.4082,29796
Dunder Mifflin,Scranton,PA,Dwight Schrute,US,2017-11-08,2017,2017,11,Nov,45,2017-11-05,2017-11-12,501521.0276135584,478,97,5683.8315,29893
Dunder Mifflin,Scranton,PA,Dwight Schrute,US,2017-11-09,2017,2017,11,Nov,45,2017-11-05,2017-11-12,502050.63567950256,486,70,4268.1055,29963
Dunder Mifflin,Scranton,PA,Dwight Schrute,US,2017-11-10,2017,2017,11,Nov,45,2017-11-05,2017-11-12,507207.72553618165,478,131,3370.8781,30094
Dunder Mifflin,Scranton,PA,Dwight Schrute,US,2017-11-11,2017,2017,11,Nov,45,2017-11-05,2017-11-12,499451.41212238465,539,113,6732.6177,30207
Dunder Mifflin,Scranton,PA,Dwight Schrute,US,2017-11-12,2017,2017,11,Nov,46,2017-11-12,2017-11-19,498485.1127084665,451,121,6582.8549,30328
Dunder Mifflin,Scranton,PA,Dwight Schrute,US,2017-11-13,2017,2017,11,Nov,46,2017-11-12,2017-11-19,501103.9973078131,508,96,3978.9692,30424
Dunder Mifflin,Scranton,PA,Dwight Schrute,US,2017-11-14,2017,2017,11,Nov,46,2017-11-12,2017-11-19,498006.9817781537,523,144,3403.2358,30568
Dunder Mifflin,Scranton,PA,Dwight Schrute,US,2017-11-15,2017,2017,11,Nov,46,2017-11-12,2017-11-19,495955.5222655784,508,112,5458.2837,30680
Dunder Mifflin,Scranton,PA,Dwight Schrute,US,2017-11-16,2017,2017,11,Nov,46,2017-11-12,2017-11-19,502784.8253631877,505,62,3821.2581,30742
Dunder Mifflin,Scranton,PA,Dwight Schrute,US,2017-11-17,2017,2017,11,Nov,46,2017-11-12,2017-11-19,494488.18209916673,499,122,3979.7271,30864
Dunder Mifflin,Scranton,PA,Dwight Schrute,US,2017-11-18,2017,2017,11,Nov,46,2017-11-12,2017-11-19,503884.6922700482,478,125,4437.712,30989
Dunder Mifflin,Scranton,PA,Dwight Schrute,US,2017-11-19,2017,2017,11,Nov,47,2017-11-19,2017-11-26,502745.9159562795,524,97,2838.927,31086
Dunder Mifflin,Scranton,PA,Dwight Schrute,US,2017-11-20,2017,2017,11,Nov,47,2017-11-19,2017-11-26,499381.3736614299,471,110,5098.8408,31196
Dunder Mifflin,Scranton,PA,Dwight Schrute,US,2017-11-21,2017,2017,11,Nov,47,2017-11-19,2017-11-26,497536.97374216985,460,116,3200.4451,31312
Dunder Mifflin,Scranton,PA,Dwight Schrute,US,2017-11-22,2017,2017,11,Nov,47,2017-11-19,2017-11-26,498582.9945579313,519,83,5320.3696,31395
Dunder Mifflin,Scranton,PA,Dwight Schrute,US,2017-11-23,2017,2017,11,Nov,47,2017-11-19,2017-11-26,499989.8414935358,532,113,4992.0398,31508
Dunder Mifflin,Scranton,PA,Dwight Schrute,US,2017-11-24,2017,2017,11,Nov,47,2017-11-19,2017-11-26,499501.11626486544,497,101,4655.0192,31609
Dunder Mifflin,Scranton,PA,Dwight Schrute,US,2017-11-25,2017,2017,11,Nov,47,2017-11-19,2017-11-26,498623.212714639,494,103,4514.488,31712
Dunder Mifflin,Scranton,PA,Dwight Schrute,US,2017-11-26,2017,2017,11,Nov,48,2017-11-26,2017-12-03,499813.8375113022,505,137,4804.778,31849
Dunder Mifflin,Scranton,PA,Dwight Schrute,US,2017-11-27,2017,2017,11,Nov,48,2017-11-26,2017-12-03,501556.18250610685,459,162,4975.1997,32011
Dunder Mifflin,Scranton,PA,Dwight Schrute,US,2017-11-28,2017,2017,11,Nov,48,2017-11-26,2017-12-03,502738.345125297,466,59,5781.6504,32070
Dunder Mifflin,Scranton,PA,Dwight Schrute,US,2017-11-29,2017,2017,11,Nov,48,2017-11-26,2017-12-03,504910.66142295516,490,71,6681.4134,32141
Dunder Mifflin,Scranton,PA,Dwight Schrute,US,2017-11-30,2017,2017,11,Nov,48,2017-11-26,2017-12-03,498480.3001155893,442,112,3207.6368,32253
Dunder Mifflin,Scranton,PA,Dwight Schrute,US,2017-12-01,2017,2017,12,Dec,48,2017-11-26,2017-12-03,496133.828731007,605,102,4990.3989,32355
Dunder Mifflin,Scranton,PA,Dwight Schrute,US,2017-12-02,2017,2017,12,Dec,48,2017-11-26,2017-12-03,497039.9630739886,514,110,3902.1967,32465
Dunder Mifflin,Scranton,PA,Dwight Schrute,US,2017-12-03,2017,2017,12,Dec,49,2017-12-03,2017-12-10,498558.68616153626,476,35,3650.2096,32500
Dunder Mifflin,Scranton,PA,Dwight Schrute,US,2017-12-04,2017,2017,12,Dec,49,2017-12-03,2017-12-10,498448.35397886555,536,73,5216.8387,32573
Dunder Mifflin,Scranton,PA,Dwight Schrute,US,2017-12-05,2017,2017,12,Dec,49,2017-12-03,2017-12-10,505215.1865636024,444,151,4494.7561,32724
Dunder Mifflin,Scranton,PA,Dwight Schrute,US,2017-12-06,2017,2017,12,Dec,49,2017-12-03,2017-12-10,499609.7592575457,480,72,4552.3528,32796
Dunder Mifflin,Scranton,PA,Dwight Schrute,US,2017-12-07,2017,2017,12,Dec,49,2017-12-03,2017-12-10,505566.3225022204,518,118,4210.104,32914
Dunder Mifflin,Scranton,PA,Dwight Schrute,US,2017-12-08,2017,2017,12,Dec,49,2017-12-03,2017-12-10,499234.5670946209,580,110,4991.914,33024
Dunder Mifflin,Scranton,PA,Dwight Schrute,US,2017-12-09,2017,2017,12,Dec,49,2017-12-03,2017-12-10,505649.858590763,526,76,3520.7952,33100
Dunder Mifflin,Scranton,PA,Dwight Schrute,US,2017-12-10,2017,2017,12,Dec,50,2017-12-10,2017-12-17,500493.2315091037,559,99,3506.6222,33199
Dunder Mifflin,Scranton,PA,Dwight Schrute,US,2017-12-11,2017,2017,12,Dec,50,2017-12-10,2017-12-17,501629.6930190395,456,46,4770.0023,33245
Dunder Mifflin,Scranton,PA,Dwight Schrute,US,2017-12-12,2017,2017,12,Dec,50,2017-12-10,2017-12-17,498639.120362262,534,64,4181.9504,33309
Dunder Mifflin,Scranton,PA,Dwight Schrute,US,2017-12-13,2017,2017,12,Dec,50,2017-12-10,2017-12-17,494192.0221759298,487,107,4862.7461,33416
Dunder Mifflin,Scranton,PA,Dwight Schrute,US,2017-12-14,2017,2017,12,Dec,50,2017-12-10,2017-12-17,501745.1888469233,467,115,4672.3615,33531
Dunder Mifflin,Scranton,PA,Dwight Schrute,US,2017-12-15,2017,2017,12,Dec,50,2017-12-10,2017-12-17,503128.060466645,460,156,5430.2809,33687
Dunder Mifflin,Scranton,PA,Dwight Schrute,US,2017-12-16,2017,2017,12,Dec,50,2017-12-10,2017-12-17,501247.56671103823,521,143,7830.563,33830
Dunder Mifflin,Scranton,PA,Dwight Schrute,US,2017-12-17,2017,2017,12,Dec,51,2017-12-17,2017-12-24,500551.53546506213,552,111,4232.3805,33941
Dunder Mifflin,Scranton,PA,Dwight Schrute,US,2017-12-18,2017,2017,12,Dec,51,2017-12-17,2017-12-24,502846.32561284077,467,100,5723.1856,34041
Dunder Mifflin,Scranton,PA,Dwight Schrute,US,2017-12-19,2017,2017,12,Dec,51,2017-12-17,2017-12-24,501127.03484893724,468,177,4130.8163,34218
Dunder Mifflin,Scranton,PA,Dwight Schrute,US,2017-12-20,2017,2017,12,Dec,51,2017-12-17,2017-12-24,508272.76706522336,525,72,4868.3991,34290
Dunder Mifflin,Scranton,PA,Dwight Schrute,US,2017-12-21,2017,2017,12,Dec,51,2017-12-17,2017-12-24,504803.08331412,499,120,5219.437,34410
Dunder Mifflin,Scranton,PA,Dwight Schrute,US,2017-12-22,2017,2017,12,Dec,51,2017-12-17,2017-12-24,498220.5260673482,496,74,4833.7787,34484
Dunder Mifflin,Scranton,PA,Dwight Schrute,US,2017-12-23,2017,2017,12,Dec,51,2017-12-17,2017-12-24,502737.0955554744,508,74,3896.8047,34558
Dunder Mifflin,Scranton,PA,Dwight Schrute,US,2017-12-24,2017,2017,12,Dec,52,2017-12-24,2017-12-31,498490.0173839067,475,31,3097.419,34589
Dunder Mifflin,Scranton,PA,Dwight Schrute,US,2017-12-25,2017,2017,12,Dec,52,2017-12-24,2017-12-31,500447.1750434197,551,100,4223.7076,34689
Dunder Mifflin,Scranton,PA,Dwight Schrute,US,2017-12-26,2017,2017,12,Dec,52,2017-12-24,2017-12-31,497340.6591731869,496,44,4963.7361,34733
Dunder Mifflin,Scranton,PA,Dwight Schrute,US,2017-12-27,2017,2017,12,Dec,52,2017-12-24,2017-12-31,494185.1444510511,423,119,4258.2513,34852
Dunder Mifflin,Scranton,PA,Dwight Schrute,US,2017-12-28,2017,2017,12,Dec,52,2017-12-24,2017-12-31,501100.9113501526,465,40,4431.7484,34892
Dunder Mifflin,Scranton,PA,Dwight Schrute,US,2017-12-29,2017,2017,12,Dec,52,2017-12-24,2017-12-31,503381.1259177768,436,158,3106.4668,35050
Dunder Mifflin,Scranton,PA,Dwight Schrute,US,2017-12-30,2017,2017,12,Dec,52,2017-12-24,2017-12-31,499710.78755400516,425,111,4438.0106,35161
Dunder Mifflin,Scranton,PA,Dwight Schrute,US,2017-12-31,2018,2017,12,Dec,1,2017-12-31,2018-01-07,497361.0040253809,510,137,5703.2385,35298
Dunder Mifflin,Scranton,PA,Dwight Schrute,US,2018-01-01,2018,2018,1,Jan,1,2017-12-31,2018-01-07,501791.95928456035,488,151,5808.8713,35449
Dunder Mifflin,Scranton,PA,Dwight Schrute,US,2018-01-02,2018,2018,1,Jan,1,2017-12-31,2018-01-07,502838.9811653572,477,106,5667.9338,35555
Dunder Mifflin,Scranton,PA,Dwight Schrute,US,2018-01-03,2018,2018,1,Jan,1,2017-12-31,2018-01-07,504709.89764371817,467,133,4043.768,35688
Dunder Mifflin,Scranton,PA,Dwight Schrute,US,2018-01-04,2018,2018,1,Jan,1,2017-12-31,2018-01-07,507228.37356750906,473,88,3871.3602,35776
Dunder Mifflin,Scranton,PA,Dwight Schrute,US,2018-01-05,2018,2018,1,Jan,1,2017-12-31,2018-01-07,502640.3394624386,452,133,6691.0189,35909
Dunder Mifflin,Scranton,PA,Dwight Schrute,US,2018-01-06,2018,2018,1,Jan,1,2017-12-31,2018-01-07,496330.67142138147,511,112,4518.7569,36021
Dunder Mifflin,Scranton,PA,Dwight Schrute,US,2018-01-07,2018,2018,1,Jan,2,2018-01-07,2018-01-14,497479.94371144124,561,119,6267.3768,36140
Dunder Mifflin,Scranton,PA,Dwight Schrute,US,2018-01-08,2018,2018,1,Jan,2,2018-01-07,2018-01-14,500259.4171404298,541,161,6141.7215,36301
Dunder Mifflin,Scranton,PA,Dwight Schrute,US,2018-01-09,2018,2018,1,Jan,2,2018-01-07,2018-01-14,500187.6742124321,522,143,4921.7325,36444
Dunder Mifflin,Scranton,PA,Dwight Schrute,US,2018-01-10,2018,2018,1,Jan,2,2018-01-07,2018-01-14,508638.30179116013,565,78,5211.0922,36522
Dunder Mifflin,Scranton,PA,Dwight Schrute,US,2018-01-11,2018,2018,1,Jan,2,2018-01-07,2018-01-14,494335.9138826174,575,64,6266.2255,36586
Dunder Mifflin,Scranton,PA,Dwight Schrute,US,2018-01-12,2018,2018,1,Jan,2,2018-01-07,2018-01-14,492614.46062225295,494,91,4598.8441,36677
Dunder Mifflin,Scranton,PA,Dwight Schrute,US,2018-01-13,2018,2018,1,Jan,2,2018-01-07,2018-01-14,496043.0460348395,454,51,4109.1409,36728
Dunder Mifflin,Scranton,PA,Dwight Schrute,US,2018-01-14,2018,2018,1,Jan,3,2018-01-14,2018-01-21,498525.51175061485,478,76,4961.9001,36804
Dunder Mifflin,Scranton,PA,Dwight Schrute,US,2018-01-15,2018,2018,1,Jan,3,2018-01-14,2018-01-21,497929.8513295153,503,94,5994.8167,36898
Dunder Mifflin,Scranton,PA,Dwight Schrute,US,2018-01-16,2018,2018,1,Jan,3,2018-01-14,2018-01-21,496164.1068926255,499,92,4128.8664,36990
Dunder Mifflin,Scranton,PA,Dwight Schrute,US,2018-01-17,2018,2018,1,Jan,3,2018-01-14,2018-01-21,496455.14904194063,485,112,4312.1505,37102
Dunder Mifflin,Scranton,PA,Dwight Schrute,US,2018-01-18,2018,2018,1,Jan,3,2018-01-14,2018-01-21,498766.95754172996,425,55,3881.4677,37157
Dunder Mifflin,Scranton,PA,Dwight Schrute,US,2018-01-19,2018,2018,1,Jan,3,2018-01-14,2018-01-21,501192.03386039217,486,191,6096.869,37348
Dunder Mifflin,Scranton,PA,Dwight Schrute,US,2018-01-20,2018,2018,1,Jan,3,2018-01-14,2018-01-21,502498.66541022126,504,139,3116.6248,37487
Dunder Mifflin,Scranton,PA,Dwight Schrute,US,2018-01-21,2018,2018,1,Jan,4,2018-01-21,2018-01-28,496684.2924599585,504,64,6591.4846,37551
Dunder Mifflin,Scranton,PA,Dwight Schrute,US,2018-01-22,2018,2018,1,Jan,4,2018-01-21,2018-01-28,502112.4307488644,489,146,4478.4007,37697
Dunder Mifflin,Scranton,PA,Dwight Schrute,US,2018-01-23,2018,2018,1,Jan,4,2018-01-21,2018-01-28,497532.9853703857,509,20,5670.9728,37717
Dunder Mifflin,Scranton,PA,Dwight Schrute,US,2018-01-24,2018,2018,1,Jan,4,2018-01-21,2018-01-28,493178.7161840604,505,84,5374.1091,37801
Dunder Mifflin,Scranton,PA,Dwight Schrute,US,2018-01-25,2018,2018,1,Jan,4,2018-01-21,2018-01-28,493634.7983016996,482,175,2635.7159,37976
Dunder Mifflin,Scranton,PA,Dwight Schrute,US,2018-01-26,2018,2018,1,Jan,4,2018-01-21,2018-01-28,500960.3166701913,522,122,4218.6607,38098
Dunder Mifflin,Scranton,PA,Dwight Schrute,US,2018-01-27,2018,2018,1,Jan,4,2018-01-21,2018-01-28,501421.83308687684,504,132,6368.9931,38230
Dunder Mifflin,Scranton,PA,Dwight Schrute,US,2018-01-28,2018,2018,1,Jan,5,2018-01-28,2018-02-04,502950.1514307541,427,54,5097.0023,38284
Dunder Mifflin,Scranton,PA,Dwight Schrute,US,2018-01-29,2018,2018,1,Jan,5,2018-01-28,2018-02-04,500457.7196885517,522,63,4578.3244,38347
Dunder Mifflin,Scranton,PA,Dwight Schrute,US,2018-01-30,2018,2018,1,Jan,5,2018-01-28,2018-02-04,506216.3327093905,523,131,5467.5252,38478
Dunder Mifflin,Scranton,PA,Dwight Schrute,US,2018-01-31,2018,2018,1,Jan,5,2018-01-28,2018-02-04,501350.11157217145,510,45,4133.6002,38523
Dunder Mifflin,Scranton,PA,Dwight Schrute,US,2018-02-01,2018,2018,2,Feb,5,2018-01-28,2018-02-04,498820.2489742775,470,70,6207.6879,38593
Dunder Mifflin,Scranton,PA,Dwight Schrute,US,2018-02-02,2018,2018,2,Feb,5,2018-01-28,2018-02-04,499865.32736194576,479,37,3857.6357,38630
Dunder Mifflin,Scranton,PA,Dwight Schrute,US,2018-02-03,2018,2018,2,Feb,5,2018-01-28,2018-02-04,500925.34062393697,514,69,4380.8688,38699
Dunder Mifflin,Scranton,PA,Dwight Schrute,US,2018-02-04,2018,2018,2,Feb,6,2018-02-04,2018-02-11,494283.4363868291,475,30,4974.7054,38729
Dunder Mifflin,Scranton,PA,Dwight Schrute,US,2018-02-05,2018,2018,2,Feb,6,2018-02-04,2018-02-11,502496.8904345423,499,65,3922.8511,38794
Dunder Mifflin,Scranton,PA,Dwight Schrute,US,2018-02-06,2018,2018,2,Feb,6,2018-02-04,2018-02-11,498190.025792549,532,92,6169.1653,38886
Dunder Mifflin,Scranton,PA,Dwight Schrute,US,2018-02-07,2018,2018,2,Feb,6,2018-02-04,2018-02-11,499537.9084127349,436,142,5949.7476,39028
Dunder Mifflin,Scranton,PA,Dwight Schrute,US,2018-02-08,2018,2018,2,Feb,6,2018-02-04,2018-02-11,502791.27025664074,508,126,5745.3294,39154
Dunder Mifflin,Scranton,PA,Dwight Schrute,US,2018-02-09,2018,2018,2,Feb,6,2018-02-04,2018-02-11,496573.77684592264,452,62,3810.641,39216
Dunder Mifflin,Scranton,PA,Dwight Schrute,US,2018-02-10,2018,2018,2,Feb,6,2018-02-04,2018-02-11,503649.9500280969,484,140,4093.9083,39356
Dunder Mifflin,Scranton,PA,Dwight Schrute,US,2018-02-11,2018,2018,2,Feb,7,2018-02-11,2018-02-18,499798.5941739953,536,161,5756.5769,39517
Dunder Mifflin,Scranton,PA,Dwight Schrute,US,2018-02-12,2018,2018,2,Feb,7,2018-02-11,2018-02-18,499783.7461480322,500,107,7214.2825,39624
Dunder Mifflin,Scranton,PA,Dwight Schrute,US,2018-02-13,2018,2018,2,Feb,7,2018-02-11,2018-02-18,500756.1006824211,490,72,3194.1781,39696
Dunder Mifflin,Scranton,PA,Dwight Schrute,US,2018-02-14,2018,2018,2,Feb,7,2018-02-11,2018-02-18,504485.7146704016,496,107,4194.0456,39803
Dunder Mifflin,Scranton,PA,Dwight Schrute,US,2018-02-15,2018,2018,2,Feb,7,2018-02-11,2018-02-18,500905.4876680385,470,75,3627.9716,39878
Dunder Mifflin,Scranton,PA,Dwight Schrute,US,2018-02-16,2018,2018,2,Feb,7,2018-02-11,2018-02-18,497377.27801429055,486,112,4010.4823,39990
Dunder Mifflin,Scranton,PA,Dwight Schrute,US,2018-02-17,2018,2018,2,Feb,7,2018-02-11,2018-02-18,496364.10526912054,510,47,4371.2076,40037
Dunder Mifflin,Scranton,PA,Dwight Schrute,US,2018-02-18,2018,2018,2,Feb,8,2018-02-18,2018-02-25,497092.71467973874,526,99,5318.7953,40136
Dunder Mifflin,Scranton,PA,Dwight Schrute,US,2018-02-19,2018,2018,2,Feb,8,2018-02-18,2018-02-25,497685.396804402,479,97,3949.3571,40233
Dunder Mifflin,Scranton,PA,Dwight Schrute,US,2018-02-20,2018,2018,2,Feb,8,2018-02-18,2018-02-25,494688.74342151114,463,93,3628.6565,40326
Dunder Mifflin,Scranton,PA,Dwight Schrute,US,2018-02-21,2018,2018,2,Feb,8,2018-02-18,2018-02-25,501246.80814727175,489,143,6723.8036,40469
Dunder Mifflin,Scranton,PA,Dwight Schrute,US,2018-02-22,2018,2018,2,Feb,8,2018-02-18,2018-02-25,498137.0070755735,501,82,4638.554,40551
Dunder Mifflin,Scranton,PA,Dwight Schrute,US,2018-02-23,2018,2018,2,Feb,8,2018-02-18,2018-02-25,505295.0835916259,479,102,4526.0186,40653
Dunder Mifflin,Scranton,PA,Dwight Schrute,US,2018-02-24,2018,2018,2,Feb,8,2018-02-18,2018-02-25,499528.4108643606,423,100,3362.8673,40753
Dunder Mifflin,Scranton,PA,Dwight Schrute,US,2018-02-25,2018,2018,2,Feb,9,2018-02-25,2018-03-04,500611.7524110365,530,95,4464.6047,40848
Dunder Mifflin,Scranton,PA,Dwight Schrute,US,2018-02-26,2018,2018,2,Feb,9,2018-02-25,2018-03-04,499371.4510839003,510,36,6872.3443,40884
Dunder Mifflin,Scranton,PA,Dwight Schrute,US,2018-02-27,2018,2018,2,Feb,9,2018-02-25,2018-03-04,496013.28453396657,448,56,4539.3406,40940
Dunder Mifflin,Scranton,PA,Dwight Schrute,US,2018-02-28,2018,2018,2,Feb,9,2018-02-25,2018-03-04,498841.2701461111,536,22,5251.8878,40962
Dunder Mifflin,Scranton,PA,Dwight Schrute,US,2018-03-01,2018,2018,3,Mar,9,2018-02-25,2018-03-04,502403.5752016049,576,138,3628.4909,41100
Dunder Mifflin,Scranton,PA,Dwight Schrute,US,2018-03-02,2018,2018,3,Mar,9,2018-02-25,2018-03-04,503731.23350793065,586,50,5141.3718,41150
Dunder Mifflin,Scranton,PA,Dwight Schrute,US,2018-03-03,2018,2018,3,Mar,9,2018-02-25,2018-03-04,503223.2891582739,488,55,5706.4504,41205
Dunder Mifflin,Scranton,PA,Dwight Schrute,US,2018-03-04,2018,2018,3,Mar,10,2018-03-04,2018-03-11,501672.62967427267,491,76,6012.699,41281
Dunder Mifflin,Scranton,PA,Dwight Schrute,US,2018-03-05,2018,2018,3,Mar,10,2018-03-04,2018-03-11,499712.2286292032,434,57,4386.0422,41338
Dunder Mifflin,Scranton,PA,Dwight Schrute,US,2018-03-06,2018,2018,3,Mar,10,2018-03-04,2018-03-11,498949.2946793871,485,98,3311.2291,41436
Dunder Mifflin,Scranton,PA,Dwight Schrute,US,2018-03-07,2018,2018,3,Mar,10,2018-03-04,2018-03-11,498457.33142241504,517,136,4292.1,41572
Dunder Mifflin,Scranton,PA,Dwight Schrute,US,2018-03-08,2018,2018,3,Mar,10,2018-03-04,2018-03-11,504671.56847191276,518,153,5506.7407,41725
Dunder Mifflin,Scranton,PA,Dwight Schrute,US,2018-03-09,2018,2018,3,Mar,10,2018-03-04,2018-03-11,496881.2186773118,533,94,5128.8958,41819
Dunder Mifflin,Scranton,PA,Dwight Schrute,US,2018-03-10,2018,2018,3,Mar,10,2018-03-04,2018-03-11,502217.07977688307,499,14,5261.8076,41833
Dunder Mifflin,Scranton,PA,Dwight Schrute,US,2018-03-11,2018,2018,3,Mar,11,2018-03-11,2018-03-18,504412.5912699584,526,86,5632.017,41919
Dunder Mifflin,Scranton,PA,Dwight Schrute,US,2018-03-12,2018,2018,3,Mar,11,2018-03-11,2018-03-18,496477.795614551,463,93,4948.1387,42012
Dunder Mifflin,Scranton,PA,Dwight Schrute,US,2018-03-13,2018,2018,3,Mar,11,2018-03-11,2018-03-18,499063.17511556944,507,60,4568.686,42072
Dunder Mifflin,Scranton,PA,Dwight Schrute,US,2018-03-14,2018,2018,3,Mar,11,2018-03-11,2018-03-18,500116.72796025797,509,142,4718.1005,42214
Dunder Mifflin,Scranton,PA,Dwight Schrute,US,2018-03-15,2018,2018,3,Mar,11,2018-03-11,2018-03-18,495618.2827395138,562,125,4076.303,42339
Dunder Mifflin,Scranton,PA,Dwight Schrute,US,2018-03-16,2018,2018,3,Mar,11,2018-03-11,2018-03-18,494018.3275653036,470,164,2518.271,42503
Dunder Mifflin,Scranton,PA,Dwight Schrute,US,2018-03-17,2018,2018,3,Mar,11,2018-03-11,2018-03-18,500252.16216217715,501,76,6011.4837,42579
Dunder Mifflin,Scranton,PA,Dwight Schrute,US,2018-03-18,2018,2018,3,Mar,12,2018-03-18,2018-03-25,505013.95047347614,486,70,5700.8671,42649
Dunder Mifflin,Scranton,PA,Dwight Schrute,US,2018-03-19,2018,2018,3,Mar,12,2018-03-18,2018-03-25,492309.26741301944,505,151,6450.7431,42800
Dunder Mifflin,Scranton,PA,Dwight Schrute,US,2018-03-20,2018,2018,3,Mar,12,2018-03-18,2018-03-25,497673.51516981295,505,136,5593.4558,42936
Dunder Mifflin,Scranton,PA,Dwight Schrute,US,2018-03-21,2018,2018,3,Mar,12,2018-03-18,2018-03-25,502822.9410067721,430,198,5683.847,43134
Dunder Mifflin,Scranton,PA,Dwight Schrute,US,2018-03-22,2018,2018,3,Mar,12,2018-03-18,2018-03-25,496929.3556431956,550,131,5208.4029,43265
Dunder Mifflin,Scranton,PA,Dwight Schrute,US,2018-03-23,2018,2018,3,Mar,12,2018-03-18,2018-03-25,496973.53473952087,504,55,4170.4413,43320
Dunder Mifflin,Scranton,PA,Dwight Schrute,US,2018-03-24,2018,2018,3,Mar,12,2018-03-18,2018-03-25,501495.19951954583,486,142,4832.8458,43462
Dunder Mifflin,Scranton,PA,Dwight Schrute,US,2018-03-25,2018,2018,3,Mar,13,2018-03-25,2018-04-01,500916.41756729025,496,97,5229.4425,43559
Dunder Mifflin,Scranton,PA,Dwight Schrute,US,2018-03-26,2018,2018,3,Mar,13,2018-03-25,2018-04-01,504772.0916191362,519,137,5725.4321,43696
Dunder Mifflin,Scranton,PA,Dwight Schrute,US,2018-03-27,2018,2018,3,Mar,13,2018-03-25,2018-04-01,500652.454739831,499,123,5204.7887,43819
Dunder Mifflin,Scranton,PA,Dwight Schrute,US,2018-03-28,2018,2018,3,Mar,13,2018-03-25,2018-04-01,503300.30063147284,455,119,5525.0674,43938
Dunder Mifflin,Scranton,PA,Dwight Schrute,US,2018-03-29,2018,2018,3,Mar,13,2018-03-25,2018-04-01,502673.51035468216,515,73,3969.5527,44011
Dunder Mifflin,Scranton,PA,Dwight Schrute,US,2018-03-30,2018,2018,3,Mar,13,2018-03-25,2018-04-01,496549.3304714097,523,77,4474.9572,44088
Dunder Mifflin,Scranton,PA,Dwight Schrute,US,2018-03-31,2018,2018,3,Mar,13,2018-03-25,2018-04-01,494779.11532800016,447,21,3991.3358,44109
Dunder Mifflin,Scranton,PA,Dwight Schrute,US,2018-04-01,2018,2018,4,Apr,14,2018-04-01,2018-04-08,501091.2013849918,513,57,5699.1369,44166
Dunder Mifflin,Scranton,PA,Dwight Schrute,US,2018-04-02,2018,2018,4,Apr,14,2018-04-01,2018-04-08,504229.8956079554,503,94,5089.507,44260
Dunder Mifflin,Scranton,PA,Dwight Schrute,US,2018-04-03,2018,2018,4,Apr,14,2018-04-01,2018-04-08,495522.3287537674,508,142,5372.5079,44402
Dunder Mifflin,Scranton,PA,Dwight Schrute,US,2018-04-04,2018,2018,4,Apr,14,2018-04-01,2018-04-08,494583.73978037736,487,141,5695.8304,44543
Dunder Mifflin,Scranton,PA,Dwight Schrute,US,2018-04-05,2018,2018,4,Apr,14,2018-04-01,2018-04-08,492107.52798580204,577,146,4033.6282,44689
Dunder Mifflin,Scranton,PA,Dwight Schrute,US,2018-04-06,2018,2018,4,Apr,14,2018-04-01,2018-04-08,502073.9756715192,495,135,4118.8911,44824
Dunder Mifflin,Scranton,PA,Dwight Schrute,US,2018-04-07,2018,2018,4,Apr,14,2018-04-01,2018-04-08,497456.57311999344,491,66,5298.621,44890
Dunder Mifflin,Scranton,PA,Dwight Schrute,US,2018-04-08,2018,2018,4,Apr,15,2018-04-08,2018-04-15,501254.8403234102,520,38,3528.9266,44928
Dunder Mifflin,Scranton,PA,Dwight Schrute,US,2018-04-09,2018,2018,4,Apr,15,2018-04-08,2018-04-15,498021.6339921381,489,129,4088.1708,45057
Dunder Mifflin,Scranton,PA,Dwight Schrute,US,2018-04-10,2018,2018,4,Apr,15,2018-04-08,2018-04-15,502024.9234245866,507,91,8554.2319,45148
Dunder Mifflin,Scranton,PA,Dwight Schrute,US,2018-04-11,2018,2018,4,Apr,15,2018-04-08,2018-04-15,494748.67081579205,492,87,5197.7627,45235
Dunder Mifflin,Scranton,PA,Dwight Schrute,US,2018-04-12,2018,2018,4,Apr,15,2018-04-08,2018-04-15,503897.04542693205,497,92,4400.9659,45327
Dunder Mifflin,Scranton,PA,Dwight Schrute,US,2018-04-13,2018,2018,4,Apr,15,2018-04-08,2018-04-15,503526.9036701684,495,83,3667.781,45410
Dunder Mifflin,Scranton,PA,Dwight Schrute,US,2018-04-14,2018,2018,4,Apr,15,2018-04-08,2018-04-15,502403.05864203325,519,130,7205.8341,45540
Dunder Mifflin,Scranton,PA,Dwight Schrute,US,2018-04-15,2018,2018,4,Apr,16,2018-04-15,2018-04-22,498423.17966729176,498,94,4183.5787,45634
Dunder Mifflin,Scranton,PA,Dwight Schrute,US,2018-04-16,2018,2018,4,Apr,16,2018-04-15,2018-04-22,503353.54732778,455,93,5157.8838,45727
Dunder Mifflin,Scranton,PA,Dwight Schrute,US,2018-04-17,2018,2018,4,Apr,16,2018-04-15,2018-04-22,494286.83013259235,486,138,5379.7532,45865
Dunder Mifflin,Scranton,PA,Dwight Schrute,US,2018-04-18,2018,2018,4,Apr,16,2018-04-15,2018-04-22,505925.03751973517,453,41,4077.8947,45906
Dunder Mifflin,Scranton,PA,Dwight Schrute,US,2018-04-19,2018,2018,4,Apr,16,2018-04-15,2018-04-22,496219.349123349,469,115,3479.546,46021
Dunder Mifflin,Scranton,PA,Dwight Schrute,US,2018-04-20,2018,2018,4,Apr,16,2018-04-15,2018-04-22,504459.9304273953,538,137,5938.7941,46158
Dunder Mifflin,Scranton,PA,Dwight Schrute,US,2018-04-21,2018,2018,4,Apr,16,2018-04-15,2018-04-22,501558.5397034344,504,107,4128.9151,46265
Dunder Mifflin,Scranton,PA,Dwight Schrute,US,2018-04-22,2018,2018,4,Apr,17,2018-04-22,2018-04-29,502099.59386685636,524,139,5512.8977,46404
Dunder Mifflin,Scranton,PA,Dwight Schrute,US,2018-04-23,2018,2018,4,Apr,17,2018-04-22,2018-04-29,505051.93151368515,490,66,4706.5721,46470
Dunder Mifflin,Scranton,PA,Dwight Schrute,US,2018-04-24,2018,2018,4,Apr,17,2018-04-22,2018-04-29,497779.02305021166,498,84,5647.6201,46554
Dunder Mifflin,Scranton,PA,Dwight Schrute,US,2018-04-25,2018,2018,4,Apr,17,2018-04-22,2018-04-29,509289.3308761976,399,88,5325.4403,46642
Dunder Mifflin,Scranton,PA,Dwight Schrute,US,2018-04-26,2018,2018,4,Apr,17,2018-04-22,2018-04-29,498535.2546270137,483,66,4921.483,46708
Dunder Mifflin,Scranton,PA,Dwight Schrute,US,2018-04-27,2018,2018,4,Apr,17,2018-04-22,2018-04-29,498300.1571829327,501,72,5726.0385,46780
Dunder Mifflin,Scranton,PA,Dwight Schrute,US,2018-04-28,2018,2018,4,Apr,17,2018-04-22,2018-04-29,488669.1128534659,504,52,5972.3937,46832
Dunder Mifflin,Scranton,PA,Dwight Schrute,US,2018-04-29,2018,2018,4,Apr,18,2018-04-29,2018-05-06,497497.84927965025,520,134,3142.8497,46966
Dunder Mifflin,Scranton,PA,Dwight Schrute,US,2018-04-30,2018,2018,4,Apr,18,2018-04-29,2018-05-06,501514.9202713491,398,112,3407.2296,47078
Dunder Mifflin,Scranton,PA,Dwight Schrute,US,2018-05-01,2018,2018,5,May,18,2018-04-29,2018-05-06,502113.6494324903,476,50,4947.5761,47128
Dunder Mifflin,Scranton,PA,Dwight Schrute,US,2018-05-02,2018,2018,5,May,18,2018-04-29,2018-05-06,498390.88479943806,538,53,4018.3161,47181
Dunder Mifflin,Scranton,PA,Dwight Schrute,US,2018-05-03,2018,2018,5,May,18,2018-04-29,2018-05-06,500139.69566284044,448,36,5377.0011,47217
Dunder Mifflin,Scranton,PA,Dwight Schrute,US,2018-05-04,2018,2018,5,May,18,2018-04-29,2018-05-06,493117.13484572805,498,90,5363.0993,47307
Dunder Mifflin,Scranton,PA,Dwight Schrute,US,2018-05-05,2018,2018,5,May,18,2018-04-29,2018-05-06,498925.7217676876,508,123,4877.1221,47430
Dunder Mifflin,Scranton,PA,Dwight Schrute,US,2018-05-06,2018,2018,5,May,19,2018-05-06,2018-05-13,505816.94881552004,513,144,3412.6657,47574
Dunder Mifflin,Scranton,PA,Dwight Schrute,US,2018-05-07,2018,2018,5,May,19,2018-05-06,2018-05-13,502662.42018800345,443,81,2780.3356,47655
Dunder Mifflin,Scranton,PA,Dwight Schrute,US,2018-05-08,2018,2018,5,May,19,2018-05-06,2018-05-13,502873.3956196282,522,66,3697.8728,47721
Dunder Mifflin,Scranton,PA,Dwight Schrute,US,2018-05-09,2018,2018,5,May,19,2018-05-06,2018-05-13,501148.40377663175,468,100,3725.055,47821
Dunder Mifflin,Scranton,PA,Dwight Schrute,US,2018-05-10,2018,2018,5,May,19,2018-05-06,2018-05-13,498097.37993357447,494,130,4589.0019,47951
Dunder Mifflin,Scranton,PA,Dwight Schrute,US,2018-05-11,2018,2018,5,May,19,2018-05-06,2018-05-13,499781.85888608644,508,82,3115.6196,48033
Dunder Mifflin,Scranton,PA,Dwight Schrute,US,2018-05-12,2018,2018,5,May,19,2018-05-06,2018-05-13,504128.78987224237,524,87,5423.8605,48120
Dunder Mifflin,Scranton,PA,Dwight Schrute,US,2018-05-13,2018,2018,5,May,20,2018-05-13,2018-05-20,496106.1546801425,506,139,5497.128,48259
Dunder Mifflin,Scranton,PA,Dwight Schrute,US,2018-05-14,2018,2018,5,May,20,2018-05-13,2018-05-20,501182.927687807,483,148,4688.835,48407
Dunder Mifflin,Scranton,PA,Dwight Schrute,US,2018-05-15,2018,2018,5,May,20,2018-05-13,2018-05-20,499748.6533014952,549,76,4852.5991,48483
Dunder Mifflin,Scranton,PA,Dwight Schrute,US,2018-05-16,2018,2018,5,May,20,2018-05-13,2018-05-20,501622.7126065125,468,22,4411.767,48505
Dunder Mifflin,Scranton,PA,Dwight Schrute,US,2018-05-17,2018,2018,5,May,20,2018-05-13,2018-05-20,501203.4492226121,484,53,2508.0868,48558
Dunder Mifflin,Scranton,PA,Dwight Schrute,US,2018-05-18,2018,2018,5,May,20,2018-05-13,2018-05-20,504759.1838015459,477,67,3441.8375,48625
Dunder Mifflin,Scranton,PA,Dwight Schrute,US,2018-05-19,2018,2018,5,May,20,2018-05-13,2018-05-20,506741.845591854,477,127,5587.3556,48752
Dunder Mifflin,Scranton,PA,Dwight Schrute,US,2018-05-20,2018,2018,5,May,21,2018-05-20,2018-05-27,499977.23217792774,488,119,5700.4923,48871
Dunder Mifflin,Scranton,PA,Dwight Schrute,US,2018-05-21,2018,2018,5,May,21,2018-05-20,2018-05-27,500314.4985119039,454,169,4527.3852,49040
Dunder Mifflin,Scranton,PA,Dwight Schrute,US,2018-05-22,2018,2018,5,May,21,2018-05-20,2018-05-27,500596.4565092137,484,120,4880.1022,49160
Dunder Mifflin,Scranton,PA,Dwight Schrute,US,2018-05-23,2018,2018,5,May,21,2018-05-20,2018-05-27,494144.9098775217,525,113,5647.9586,49273
Dunder Mifflin,Scranton,PA,Dwight Schrute,US,2018-05-24,2018,2018,5,May,21,2018-05-20,2018-05-27,502225.04830650036,525,140,3902.9001,49413
Dunder Mifflin,Scranton,PA,Dwight Schrute,US,2018-05-25,2018,2018,5,May,21,2018-05-20,2018-05-27,504662.71966035035,554,117,4142.5323,49530
Dunder Mifflin,Scranton,PA,Dwight Schrute,US,2018-05-26,2018,2018,5,May,21,2018-05-20,2018-05-27,501321.39617768547,537,173,5254.1579,49703
Dunder Mifflin,Scranton,PA,Dwight Schrute,US,2018-05-27,2018,2018,5,May,22,2018-05-27,2018-06-03,494986.54032802896,460,64,4397.3496,49767
Dunder Mifflin,Scranton,PA,Dwight Schrute,US,2018-05-28,2018,2018,5,May,22,2018-05-27,2018-06-03,497299.2243910735,498,61,3616.8123,49828
Dunder Mifflin,Scranton,PA,Dwight Schrute,US,2018-05-29,2018,2018,5,May,22,2018-05-27,2018-06-03,497828.152044457,518,73,4234.0955,49901
Dunder Mifflin,Scranton,PA,Dwight Schrute,US,2018-05-30,2018,2018,5,May,22,2018-05-27,2018-06-03,504997.2096852473,466,103,5435.0231,50004
Dunder Mifflin,Scranton,PA,Dwight Schrute,US,2018-05-31,2018,2018,5,May,22,2018-05-27,2018-06-03,499811.0318578083,478,156,2567.5494,50160
Dunder Mifflin,Scranton,PA,Dwight Schrute,US,2018-06-01,2018,2018,6,Jun,22,2018-05-27,2018-06-03,497354.3877728177,532,117,4909.1228,50277
Dunder Mifflin,Scranton,PA,Dwight Schrute,US,2018-06-02,2018,2018,6,Jun,22,2018-05-27,2018-06-03,497410.10157904174,494,55,5126.5618,50332
Dunder Mifflin,Scranton,PA,Dwight Schrute,US,2018-06-03,2018,2018,6,Jun,23,2018-06-03,2018-06-10,495224.7469800022,510,77,5415.7453,50409
Dunder Mifflin,Scranton,PA,Dwight Schrute,US,2018-06-04,2018,2018,6,Jun,23,2018-06-03,2018-06-10,506814.9774389306,481,78,4421.98,50487
Dunder Mifflin,Scranton,PA,Dwight Schrute,US,2018-06-05,2018,2018,6,Jun,23,2018-06-03,2018-06-10,499318.46674733184,546,137,5946.8862,50624
Dunder Mifflin,Scranton,PA,Dwight Schrute,US,2018-06-06,2018,2018,6,Jun,23,2018-06-03,2018-06-10,498446.03181139653,538,112,5163.5148,50736
Dunder Mifflin,Scranton,PA,Dwight Schrute,US,2018-06-07,2018,2018,6,Jun,23,2018-06-03,2018-06-10,496451.09883538174,486,93,3907.1173,50829
Dunder Mifflin,Scranton,PA,Dwight Schrute,US,2018-06-08,2018,2018,6,Jun,23,2018-06-03,2018-06-10,496732.4133167894,501,116,5803.2172,50945
Dunder Mifflin,Scranton,PA,Dwight Schrute,US,2018-06-09,2018,2018,6,Jun,23,2018-06-03,2018-06-10,503009.8308369513,562,197,4398.2373,51142
Dunder Mifflin,Scranton,PA,Dwight Schrute,US,2018-06-10,2018,2018,6,Jun,24,2018-06-10,2018-06-17,501550.70084437286,568,136,3363.0234,51278
Dunder Mifflin,Scranton,PA,Dwight Schrute,US,2018-06-11,2018,2018,6,Jun,24,2018-06-10,2018-06-17,505334.3202990376,511,106,4466.753,51384
Dunder Mifflin,Scranton,PA,Dwight Schrute,US,2018-06-12,2018,2018,6,Jun,24,2018-06-10,2018-06-17,503109.9127113061,493,127,5744.06,51511
Dunder Mifflin,Scranton,PA,Dwight Schrute,US,2018-06-13,2018,2018,6,Jun,24,2018-06-10,2018-06-17,505989.1957411437,519,151,5434.2031,51662
Dunder Mifflin,Scranton,PA,Dwight Schrute,US,2018-06-14,2018,2018,6,Jun,24,2018-06-10,2018-06-17,499538.6248625708,481,129,6231.7843,51791
Dunder Mifflin,Scranton,PA,Dwight Schrute,US,2018-06-15,2018,2018,6,Jun,24,2018-06-10,2018-06-17,504982.4491072353,517,140,4913.5456,51931
Dunder Mifflin,Scranton,PA,Dwight Schrute,US,2018-06-16,2018,2018,6,Jun,24,2018-06-10,2018-06-17,501700.00875142735,521,75,5644.7384,52006
Dunder Mifflin,Scranton,PA,Dwight Schrute,US,2018-06-17,2018,2018,6,Jun,25,2018-06-17,2018-06-24,493799.2041829283,486,143,4727.1261,52149
Dunder Mifflin,Scranton,PA,Dwight Schrute,US,2018-06-18,2018,2018,6,Jun,25,2018-06-17,2018-06-24,501839.68879585445,526,132,4921.2664,52281
Dunder Mifflin,Scranton,PA,Dwight Schrute,US,2018-06-19,2018,2018,6,Jun,25,2018-06-17,2018-06-24,501177.57429904497,543,87,4431.6698,52368
Dunder Mifflin,Scranton,PA,Dwight Schrute,US,2018-06-20,2018,2018,6,Jun,25,2018-06-17,2018-06-24,500497.5974466319,530,124,5898.1463,52492
Dunder Mifflin,Scranton,PA,Dwight Schrute,US,2018-06-21,2018,2018,6,Jun,25,2018-06-17,2018-06-24,500028.3709597741,509,145,5072.0667,52637
Dunder Mifflin,Scranton,PA,Dwight Schrute,US,2018-06-22,2018,2018,6,Jun,25,2018-06-17,2018-06-24,501883.8215281638,489,116,4463.4743,52753
Dunder Mifflin,Scranton,PA,Dwight Schrute,US,2018-06-23,2018,2018,6,Jun,25,2018-06-17,2018-06-24,503998.1463171886,450,72,2920.2733,52825
Dunder Mifflin,Scranton,PA,Dwight Schrute,US,2018-06-24,2018,2018,6,Jun,26,2018-06-24,2018-07-01,499516.971889571,442,68,5348.4871,52893
Dunder Mifflin,Scranton,PA,Dwight Schrute,US,2018-06-25,2018,2018,6,Jun,26,2018-06-24,2018-07-01,494332.33422046935,503,68,4979.0414,52961
Dunder Mifflin,Scranton,PA,Dwight Schrute,US,2018-06-26,2018,2018,6,Jun,26,2018-06-24,2018-07-01,497743.00560684066,457,85,3954.8823,53046
Dunder Mifflin,Scranton,PA,Dwight Schrute,US,2018-06-27,2018,2018,6,Jun,26,2018-06-24,2018-07-01,497924.2546733877,496,194,5428.0487,53240
Dunder Mifflin,Scranton,PA,Dwight Schrute,US,2018-06-28,2018,2018,6,Jun,26,2018-06-24,2018-07-01,498312.8675417618,489,120,5326.2727,53360
Dunder Mifflin,Scranton,PA,Dwight Schrute,US,2018-06-29,2018,2018,6,Jun,26,2018-06-24,2018-07-01,502513.6798854219,462,82,5686.2893,53442
